"title","release_year","production_budget","domestic_gross","worldwide_gross","release_date"
"Star Wars Ep. VII: The Force Awakens","Dec 16, 2015",533200000,936662225,2056046835,2015-12-16
"Avengers: Endgame","Apr 23, 2019",4e+08,858373000,2717503922,2019-04-23
"Avatar: The Way of Water","Dec 9, 2022",4e+08,688809501,2322902023,2022-12-09
"Pirates of the Caribbean: On Stranger Tides","May 20, 2011",3.79e+08,241071802,1045713802,2011-05-20
"Avengers: Age of Ultron","Apr 22, 2015",3.65e+08,459005868,1395316979,2015-04-22
"Fast X","May 17, 2023",3.4e+08,146126015,714375114,2023-05-17
"Solo: A Star Wars Story","May 23, 2018",330400000,213767512,393151347,2018-05-23
"Avengers: Infinity War","Apr 25, 2018",3e+08,678815482,2048158241,2018-04-25
"Justice League","Nov 13, 2017",3e+08,229024295,661324295,2017-11-13
"Indiana Jones and the Dial of Destiny","Jun 28, 2023",3e+08,174480468,383963057,2023-06-28
"Mission: Impossible Dead Reckoning Part One","Jul 11, 2023",2.9e+08,172640980,565394309,2023-07-11
"Rogue One: A Star Wars Story","Dec 14, 2016",280200000,533539991,1055083596,2016-12-14
"Star Wars: The Rise of Skywalker","Dec 18, 2019",2.75e+08,515202542,1069951814,2019-12-18
"The Marvels","Nov 8, 2023",2.7e+08,84500223,206136825,2023-11-08
"John Carter","Mar 7, 2012",263700000,73058679,282778100,2012-03-07
"Batman v Superman: Dawn of Justice","Mar 23, 2016",2.63e+08,330360194,874360194,2016-03-23
"Star Wars Ep. VIII: The Last Jedi","Dec 13, 2017",2.62e+08,620181382,1322581071,2017-12-13
"The Lion King","Jul 11, 2019",2.6e+08,543638043,1661454403,2019-07-11
"Tangled","Nov 24, 2010",2.6e+08,200821936,581940081,2010-11-24
"Black Panther: Wakanda Forever","Nov 9, 2022",2.5e+08,453829060,859208836,2022-11-09
"Captain America: Civil War","Apr 22, 2016",2.5e+08,408084349,1151899586,2016-04-22
"Guardians of the Galaxy Vol 3","May 3, 2023",2.5e+08,358995815,845555777,2023-05-03
"Thor: Love and Thunder","Jul 1, 2022",2.5e+08,343256830,760928081,2022-07-01
"The Little Mermaid","May 24, 2023",2.5e+08,298172056,569626289,2023-05-24
"The Hobbit: The Desolation of Smaug","Dec 12, 2013",2.5e+08,258241522,959358436,2013-12-12
"The Hobbit: The Battle of the Five Armies","Dec 10, 2014",2.5e+08,255119788,940323039,2014-12-10
"The Fate of the Furious","Apr 7, 2017",2.5e+08,225764765,1189009332,2017-04-07
"No Time to Die","Sep 29, 2021",2.5e+08,160891007,758929771,2021-09-29
"Spectre","Oct 6, 2015",2.45e+08,200074175,879077344,2015-10-06
"The Dark Knight Rises","Jul 19, 2012",2.3e+08,448139099,1082228107,2012-07-19
"Pirates of the Caribbean: Dead Men Tell No Tales","May 23, 2017",2.3e+08,172558876,794861794,2017-05-23
"The Avengers","Apr 25, 2012",2.25e+08,623357910,1515100211,2012-04-25
"Man of Steel","Jun 14, 2013",2.25e+08,291045518,667999518,2013-06-14
"The Lone Ranger","Jul 2, 2013",2.25e+08,89302115,260002115,2013-07-02
"The Amazing Spider-Man","Jun 27, 2012",2.2e+08,262717220,758576824,2012-06-27
"Battleship","Apr 11, 2012",2.2e+08,65233400,313477717,2012-04-11
"Transformers: The Last Knight","Jun 20, 2017",2.17e+08,130168683,602893340,2017-06-20
"Jurassic World","Jun 9, 2015",2.15e+08,653406625,1671063641,2015-06-09
"Men in Black 3","May 23, 2012",2.15e+08,179020854,654213485,2012-05-23
"Transformers: Age of Extinction","Jun 25, 2014",2.1e+08,245439076,1104054072,2014-06-25
"Robin Hood","May 14, 2010",2.1e+08,105487148,322459006,2010-05-14
"Aquaman and the Lost Kingdom","Dec 20, 2023",2.05e+08,124481226,440181226,2023-12-20
"Tenet","Aug 26, 2020",2.05e+08,59473550,366273550,2020-08-26
"Spider-Man: No Way Home","Dec 14, 2021",2e+08,814811535,1921206586,2021-12-14
"Black Panther","Feb 13, 2018",2e+08,700059566,1334157082,2018-02-13
"Incredibles 2","Jun 15, 2018",2e+08,608581744,1242805359,2018-06-15
"Finding Dory","Jun 16, 2016",2e+08,486295561,1025006125,2016-06-16
"Toy Story 4","Jun 20, 2019",2e+08,434038008,1071177215,2019-06-20
"Toy Story 3","Jun 18, 2010",2e+08,415004880,1068879522,2010-06-18
"Doctor Strange in the Multiverse of Madness","May 4, 2022",2e+08,411331607,952224986,2022-05-04
"Iron Man 3","Apr 24, 2013",2e+08,408992272,1214630956,2013-04-24
"Guardians of the Galaxy Vol 2","Apr 28, 2017",2e+08,389813101,869087963,2017-04-28
"The Batman","Mar 1, 2022",2e+08,369612903,772512903,2022-03-01
"Alice in Wonderland","Mar 4, 2010",2e+08,334191110,1025491110,2010-03-04
"Skyfall","Oct 26, 2012",2e+08,304360277,1110526981,2012-10-26
"The Hobbit: An Unexpected Journey","Dec 11, 2012",2e+08,303003568,1014938545,2012-12-11
"Monsters University","Jun 21, 2013",2e+08,268488329,743455810,2013-06-21
"Oz the Great and Powerful","Mar 8, 2013",2e+08,234770996,490359051,2013-03-08
"X-Men: Days of Future Past","May 21, 2014",2e+08,233921534,747862775,2014-05-21
"Ant-Man and the Wasp: Quantumania","Feb 15, 2023",2e+08,214504909,476071180,2023-02-15
"The Amazing Spider-Man 2","Apr 16, 2014",2e+08,203530343,709672746,2014-04-16
"Cars 2","Jun 23, 2011",2e+08,191450875,560155383,2011-06-23
"Black Widow","Jul 7, 2021",2e+08,183651655,379751131,2021-07-07
"Fast & Furious Presents: Hobbs & Shaw","Jul 31, 2019",2e+08,173956935,760732926,2019-07-31
"F9: The Fast Saga","May 20, 2021",2e+08,173005945,719360068,2021-05-20
"Tron: Legacy","Dec 16, 2010",2e+08,172062763,399866199,2010-12-16
"Black Adam","Oct 19, 2022",2e+08,168283344,393583344,2022-10-19
"Eternals","Nov 3, 2021",2e+08,164870264,401731759,2021-11-03
"Fantastic Beasts: The Crimes of Grindelwald","Nov 14, 2018",2e+08,159555901,655755901,2018-11-14
"Elemental","Jun 14, 2023",2e+08,154426697,484829737,2023-06-14
"Lightyear","Jun 15, 2022",2e+08,118307188,218878024,2022-06-15
"Jungle Cruise","Jul 28, 2021",2e+08,116987516,210469803,2021-07-28
"Green Lantern","Jun 17, 2011",2e+08,116601172,219535492,2011-06-17
"The Flash","Jun 13, 2023",2e+08,108167507,271467507,2023-06-13
"Fantastic Beasts: The Secrets of Dumbledore","Apr 6, 2022",2e+08,95850844,407150844,2022-04-06
"Prince of Persia: Sands of Time","May 28, 2010",2e+08,90759676,336359676,2010-05-28
"Killers of the Flower Moon","Oct 18, 2023",2e+08,68035488,156432918,2023-10-18
"Dark Phoenix","Jun 5, 2019",2e+08,65845974,246356895,2019-06-05
"Wish","Nov 22, 2023",2e+08,63973821,237954897,2023-11-22
"Onward","Feb 28, 2020",2e+08,61555145,133318468,2020-02-28
"Napoleon","Nov 22, 2023",2e+08,61524375,217917156,2023-11-22
"Wonder Woman 1984","Dec 16, 2020",2e+08,46801036,169601036,2020-12-16
"Soul","Nov 20, 2020",2e+08,946154,120068830,2020-11-20
"Transformers: Dark of the Moon","Jun 29, 2011",1.95e+08,352390543,1123794079,2011-06-29
"Transformers: Rise of the Beasts","Jun 6, 2023",1.95e+08,157341749,439241749,2023-06-06
"The Mummy","Jun 2, 2017",1.95e+08,80101125,409953905,2017-06-02
"Jack the Giant Slayer","Feb 27, 2013",1.95e+08,65187603,197687603,2013-02-27
"Furious 7","Apr 1, 2015",1.9e+08,353007020,1510065395,2015-04-01
"Star Trek Into Darkness","May 16, 2013",1.9e+08,228778661,467381584,2013-05-16
"World War Z","Jun 19, 2013",1.9e+08,202706711,531861650,2013-06-19
"The Great Gatsby","May 10, 2013",1.9e+08,144840419,353451361,2013-05-10
"Pacific Rim","Jul 11, 2013",1.9e+08,101854397,411054397,2013-07-11
"The Matrix Resurrections","Dec 16, 2021",1.9e+08,40463197,160163197,2021-12-16
"The Good Dinosaur","Nov 25, 2015",187500000,123087120,333771037,2015-11-25
"Jurassic World: Dominion","Jun 1, 2022",1.85e+08,376851080,1004004592,2022-06-01
"Brave","Jun 21, 2012",1.85e+08,237282182,554606532,2012-06-21
"Kong: Skull Island","Feb 23, 2017",1.85e+08,168052812,570852812,2017-02-23
"Star Trek Beyond","Jul 21, 2016",1.85e+08,158848340,335673708,2016-07-21
"Maleficent: Mistress of Evil","Oct 17, 2019",1.85e+08,113929605,489181357,2019-10-17
"Blade Runner 2049","Sep 29, 2017",1.85e+08,92054159,259154159,2017-09-29
"Terminator: Dark Fate","Oct 25, 2019",1.85e+08,62253077,250367666,2019-10-25
"The Suicide Squad","Jul 28, 2021",1.85e+08,55817425,168717425,2021-07-28
"Aladdin","May 22, 2019",1.82e+08,355559216,1042126107,2019-05-22
"Thor: Ragnarok","Oct 25, 2017",1.8e+08,315058289,850482778,2017-10-25
"Maleficent","May 28, 2014",1.8e+08,241407328,758536735,2014-05-28
"Fantastic Beasts and Where to Find Them","Nov 14, 2016",1.8e+08,234037575,816037575,2016-11-14
"The Legend of Tarzan","Jun 27, 2016",1.8e+08,126643061,357243061,2016-06-27
"Hugo","Nov 23, 2011",1.8e+08,73864507,180047784,2011-11-23
"Valerian and the City of a Thousand Planets","Jul 20, 2017",1.8e+08,40479370,215098356,2017-07-20
"Strange World","Nov 22, 2022",1.8e+08,39089002,74741679,2022-11-22
"Jupiter Ascending","Feb 6, 2015",1.79e+08,47482519,184382519,2015-02-06
"Mission: Impossible—Fallout","Jul 16, 2018",1.78e+08,220159104,786269620,2018-07-16
"X-Men: Apocalypse","May 18, 2016",1.78e+08,155442489,542537546,2016-05-18
"The Meg","Aug 9, 2018",1.78e+08,145443742,529243742,2018-08-09
"Edge of Tomorrow","May 28, 2014",1.78e+08,100206256,367028980,2014-05-28
"Top Gun: Maverick","May 20, 2022",1.77e+08,718732821,1452163362,2022-05-20
"Captain Marvel","Mar 6, 2019",1.75e+08,426829839,1129576094,2019-03-06
"The Jungle Book","Apr 7, 2016",1.75e+08,364001123,950697998,2016-04-07
"Inside Out","Jun 12, 2015",1.75e+08,356461711,848469454,2015-06-12
"Spider-Man: Homecoming","Jul 5, 2017",1.75e+08,334580976,878852749,2017-07-05
"Suicide Squad","Aug 2, 2016",1.75e+08,325100054,749200054,2016-08-02
"Coco","Oct 27, 2017",1.75e+08,210460015,796135836,2017-10-27
"Ralph Breaks The Internet","Nov 21, 2018",1.75e+08,201091711,529290830,2018-11-21
"Cars 3","Jun 16, 2017",1.75e+08,152901115,383541369,2017-06-16
"Dolittle","Jan 8, 2020",1.75e+08,77047065,251509294,2020-01-08
"King Arthur: Legend of the Sword","May 11, 2017",1.75e+08,39175066,149175066,2017-05-11
"47 Ronin","Dec 6, 2013",1.75e+08,38362475,151716815,2013-12-06
"Turning Red","Mar 10, 2022",1.75e+08,1399001,12271142,2022-03-10
"Jurassic World: Fallen Kingdom","Jun 6, 2018",1.7e+08,417719760,1308323302,2018-06-06
"Guardians of the Galaxy","Jul 31, 2014",1.7e+08,333714112,770882395,2014-07-31
"Iron Man 2","Apr 29, 2010",1.7e+08,312433331,621156389,2010-04-29
"Captain America: The Winter Soldier","Mar 28, 2014",1.7e+08,259746958,714401889,2014-03-28
"Dawn of the Planet of the Apes","Jul 9, 2014",1.7e+08,208545589,710644566,2014-07-09
"Snow White and the Huntsman","May 30, 2012",1.7e+08,155136755,401021746,2012-05-30
"Dumbo","Mar 27, 2019",1.7e+08,114766307,353166307,2019-03-27
"Godzilla: King of the Monsters","May 29, 2019",1.7e+08,110500138,387300138,2019-05-29
"Tomorrowland","May 20, 2015",1.7e+08,93436322,206627518,2015-05-20
"Alita: Battle Angel","Feb 1, 2019",1.7e+08,85838210,401900040,2019-02-01
"Alice Through the Looking Glass","May 20, 2016",1.7e+08,77042381,276928112,2016-05-20
"Shrek Forever After","May 21, 2010",1.65e+08,238736787,756244673,2010-05-21
"Doctor Strange","Oct 24, 2016",1.65e+08,232641920,676343174,2016-10-24
"Big Hero 6","Oct 25, 2014",1.65e+08,222527828,646584368,2014-10-25
"How to Train Your Dragon","Mar 26, 2010",1.65e+08,217851976,494312845,2010-03-26
"Interstellar","Nov 5, 2014",1.65e+08,204479973,642481084,2014-11-05
"Wreck-It Ralph","Nov 1, 2012",1.65e+08,189412677,496511521,2012-11-01
"Dune","Sep 15, 2021",1.65e+08,111031267,429550066,2021-09-15
"Independence Day: Resurgence","Jun 22, 2016",1.65e+08,103144286,384169424,2016-06-22
"Cowboys and Aliens","Jul 29, 2011",1.63e+08,100368560,176038324,2011-07-29
"Beauty and the Beast","Mar 16, 2017",1.6e+08,504014165,1259761686,2017-03-16
"Spider-Man: Far From Home","Jun 27, 2019",1.6e+08,391362492,1132298674,2019-06-27
"Aquaman","Dec 6, 2018",1.6e+08,335061807,1148861807,2018-12-06
"Inception","Jul 16, 2010",1.6e+08,293662683,826873382,2010-07-16
"The Hunger Games: Mockingjay - Part 2","Nov 18, 2015",1.6e+08,281723902,646125287,2015-11-18
"Fast and Furious 6","May 17, 2013",1.6e+08,238679850,789300444,2013-05-17
"Godzilla","May 14, 2014",1.6e+08,200676069,529076069,2014-05-14
"X-Men: First Class","Jun 3, 2011",1.6e+08,146408305,355408305,2011-06-03
"The Sorcerer’s Apprentice","Jul 14, 2010",1.6e+08,63150991,217986320,2010-07-14
"Warcraft","May 25, 2016",1.6e+08,47365290,438899824,2016-05-25
"Deepwater Horizon","Sep 29, 2016",1.56e+08,61433527,122333118,2016-09-29
"The Chronicles of Narnia: The Voyage of the Daw…","Dec 10, 2010",1.55e+08,104386950,418186950,2010-12-10
"Godzilla vs. Kong","Mar 25, 2021",1.55e+08,100916094,470116094,2021-03-25
"Terminator: Genisys","Jun 24, 2015",1.55e+08,89760956,432150894,2015-06-24
"Pacific Rim: Uprising","Mar 16, 2018",1.55e+08,59874525,290930148,2018-03-16
"War for the Planet of the Apes","Jul 14, 2017",1.52e+08,146880162,489592267,2017-07-14
"Frozen II","Nov 20, 2019",1.5e+08,477373578,1451653316,2019-11-20
"Wonder Woman","May 29, 2017",1.5e+08,412563408,822963408,2017-05-29
"Frozen","Nov 22, 2013",1.5e+08,400953009,1269253418,2013-11-22
"Zootopia","Feb 10, 2016",1.5e+08,341268248,1018474875,2016-02-10
"Moana","Jan 27, 2016",1.5e+08,248757044,684357500,2016-01-27
"Shang-Chi and the Legend of the Ten Rings","Sep 1, 2021",1.5e+08,224543292,432224634,2021-09-01
"Thor: The Dark World","Oct 30, 2013",1.5e+08,206362140,644602516,2013-10-30
"Mission: Impossible—Rogue Nation","Jul 29, 2015",1.5e+08,195042377,688858992,2015-07-29
"Dunkirk","Jul 18, 2017",1.5e+08,190068280,528068280,2017-07-18
"Thor","Apr 29, 2011",1.5e+08,181030624,449326618,2011-04-29
"Kung Fu Panda 2","May 26, 2011",1.5e+08,165249063,664837547,2011-05-26
"Mad Max: Fury Road","May 14, 2015",1.5e+08,154363726,380463726,2015-05-14
"Pokémon: Detective Pikachu","May 3, 2019",1.5e+08,144105346,433088346,2019-05-03
"Ready Player One","Mar 20, 2018",1.5e+08,137690172,583490172,2018-03-20
"The Last Airbender","Jul 1, 2010",1.5e+08,131772187,319713881,2010-07-01
"Encanto","Nov 24, 2021",1.5e+08,96093622,230815162,2021-11-24
"Dungeons & Dragons: Honor Among Thieves","Mar 2, 2023",1.5e+08,93549650,207854947,2023-03-02
"Wrath of the Titans","Mar 28, 2012",1.5e+08,83670083,305270083,2012-03-28
"Dark Shadows","May 9, 2012",1.5e+08,79727149,245564215,2012-05-09
"White House Down","Jun 28, 2013",1.5e+08,73103784,205440387,2013-06-28
"Space Jam: A New Legacy","Jul 14, 2021",1.5e+08,70592228,163692228,2021-07-14
"Haunted Mansion","Jul 26, 2023",1.5e+08,67653287,117449790,2023-07-26
"The Wolfman","Feb 12, 2010",1.5e+08,62189884,142634358,2010-02-12
"The Great Wall","Dec 15, 2016",1.5e+08,45157105,334486852,2016-12-15
"Pan","Sep 25, 2015",1.5e+08,35088320,151525973,2015-09-25
"Mars Needs Moms","Mar 11, 2011",1.5e+08,21392758,39549758,2011-03-11
"Moonfall","Feb 3, 2022",1.5e+08,19060660,59053195,2022-02-03
"Barbie","Jul 19, 2023",1.45e+08,636785476,1447685476,2023-07-19
"Madagascar 3: Europe’s Most Wanted","Jun 8, 2012",1.45e+08,216391482,746921271,2012-06-08
"Mission: Impossible—Ghost Protocol","Dec 14, 2011",1.45e+08,209397903,694713230,2011-12-14
"How to Train Your Dragon 2","Jun 5, 2014",1.45e+08,177002924,614586270,2014-06-05
"Mr. Peabody & Sherman","Feb 20, 2014",1.45e+08,111506430,269806430,2014-02-20
"Rise of the Guardians","Nov 20, 2012",1.45e+08,103412758,306941670,2012-11-20
"Ghostbusters","Jul 13, 2016",1.44e+08,128350574,229008658,2016-07-13
"Captain America: The First Avenger","Jul 22, 2011",1.4e+08,176654505,370569776,2011-07-22
"Kung Fu Panda 3","Jan 23, 2016",1.4e+08,143528619,520189225,2016-01-23
"G.I. Joe: Retaliation","Mar 27, 2013",1.4e+08,122523060,375740705,2013-03-27
"Exodus: Gods and Kings","Dec 5, 2014",1.4e+08,65014513,268314513,2014-12-05
"The BFG","Jun 30, 2016",1.4e+08,55483770,199646680,2016-06-30
"Gemini Man","Oct 3, 2019",1.4e+08,48546770,166598362,2019-10-03
"Gods of Egypt","Feb 24, 2016",1.4e+08,31153464,138836756,2016-02-24
"The Twilight Saga: Breaking Dawn, Part 2","Nov 14, 2012",136200000,292914737,830314737,2012-11-14
"The Croods","Mar 15, 2013",1.35e+08,187168425,573068425,2013-03-15
"The Revenant","Dec 25, 2015",1.35e+08,183637894,532938302,2015-12-25
"Rango","Mar 4, 2011",1.35e+08,123477607,245724600,2011-03-04
"Turbo","Jul 17, 2013",1.35e+08,83028130,286896578,2013-07-17
"Teenage Mutant Ninja Turtles: Out of the Shadows","Jun 2, 2016",1.35e+08,82051601,245328374,2016-06-02
"Happy Feet Two","Nov 18, 2011",1.35e+08,64006466,157956462,2011-11-18
"The Nutcracker and the Four Realms","Oct 31, 2018",132900000,54858851,170024300,2018-10-31
"Penguins of Madagascar","Nov 26, 2014",1.32e+08,83350911,366942531,2014-11-26
"The Hunger Games: Catching Fire","Nov 15, 2013",1.3e+08,424668047,864808014,2013-11-15
"Ant-Man and the Wasp","Jul 3, 2018",1.3e+08,216648740,623144660,2018-07-03
"Ant-Man","Jul 14, 2015",1.3e+08,180202163,518858449,2015-07-14
"Home","Mar 19, 2015",1.3e+08,177397510,385997896,2015-03-19
"Mary Poppins Returns","Dec 19, 2018",1.3e+08,171958438,345606500,2018-12-19
"Puss in Boots","Oct 28, 2011",1.3e+08,149260504,554987477,2011-10-28
"Megamind","Nov 5, 2010",1.3e+08,148415853,321887208,2010-11-05
"Rio 2","Mar 20, 2014",1.3e+08,131538435,492846291,2014-03-20
"Salt","Jul 23, 2010",1.3e+08,118311368,290650494,2010-07-23
"Noah","Mar 27, 2014",1.3e+08,101200044,352831065,2014-03-27
"The Adventures of Tintin","Oct 28, 2011",1.3e+08,77591831,373993951,2011-10-28
"After Earth","May 31, 2013",1.3e+08,60522097,251499665,2013-05-31
"R.I.P.D.","Jul 19, 2013",1.3e+08,33618855,79076678,2013-07-19
"How to Train Your Dragon: The Hidden World","Jan 3, 2019",1.29e+08,160799505,520979901,2019-01-03
"Meg 2: The Trench","Jul 29, 2023",1.29e+08,82633033,398533033,2023-07-29
"The Twilight Saga: Breaking Dawn, Part 1","Nov 17, 2011",127500000,281791883,682400983,2011-11-17
"Logan","Feb 23, 2017",1.27e+08,226277068,614202315,2017-02-23
"Night at the Museum: Secret of the Tomb","Dec 18, 2014",1.27e+08,113746621,353756621,2014-12-18
"Harry Potter and the Deathly Hallows: Part II","Jul 13, 2011",1.25e+08,382747509,1312071376,2011-07-13
"The Hunger Games: Mockingjay - Part 1","Nov 19, 2014",1.25e+08,337135885,766575131,2014-11-19
"Jumanji: The Next Level","Dec 4, 2019",1.25e+08,316831246,792472668,2019-12-04
"Harry Potter and the Deathly Hallows: Part I","Nov 17, 2010",1.25e+08,297414693,943476160,2010-11-17
"Wonka","Dec 6, 2023",1.25e+08,218581815,634681815,2023-12-06
"Fast Five","Apr 21, 2011",1.25e+08,210031325,629975898,2011-04-21
"Teenage Mutant Ninja Turtles","Aug 8, 2014",1.25e+08,191204754,485004754,2014-08-08
"Sherlock Holmes: A Game of Shadows","Dec 16, 2011",1.25e+08,186848418,535663443,2011-12-16
"The Boss Baby","Mar 17, 2017",1.25e+08,175003033,527909949,2017-03-17
"Clash of the Titans","Apr 1, 2010",1.25e+08,163214888,493214888,2010-04-01
"Trolls","Oct 12, 2016",1.25e+08,153856089,342831709,2016-10-12
"Prometheus","May 30, 2012",1.25e+08,126477084,402448265,2012-05-30
"The Bourne Legacy","Aug 10, 2012",1.25e+08,113203870,280355920,2012-08-10
"Skyscraper","Jul 5, 2018",1.25e+08,68420120,304858121,2018-07-05
"The Call of the Wild","Jan 3, 2020",1.25e+08,62342368,107351191,2020-01-03
"Total Recall","Aug 3, 2012",1.25e+08,58877969,211856088,2012-08-03
"Shazam! Fury of the Gods","Mar 15, 2023",1.25e+08,57721819,134221819,2023-03-15
"Assassin’s Creed","Dec 21, 2016",1.25e+08,54647948,240759682,2016-12-21
"Monster Trucks","Dec 29, 2016",1.25e+08,33370166,61642798,2016-12-29
"Jason Bourne","Jul 20, 2016",1.2e+08,162192920,416168316,2016-07-20
"Uncharted","Feb 10, 2022",1.2e+08,148648820,407141258,2022-02-10
"Life of Pi","Nov 21, 2012",1.2e+08,124987022,619310368,2012-11-21
"Rampage","Apr 9, 2018",1.2e+08,101028233,428128233,2018-04-09
"Elysium","Aug 9, 2013",1.2e+08,93050117,286192091,2013-08-09
"Oblivion","Apr 19, 2013",1.2e+08,89107235,287916633,2013-04-19
"Power Rangers","Mar 24, 2017",1.2e+08,85364450,142531552,2017-03-24
"Blue Beetle","Aug 16, 2023",1.2e+08,72541501,130841501,2023-08-16
"RoboCop","Feb 12, 2014",1.2e+08,58607007,242981799,2014-02-12
"The Fantastic Four","Aug 5, 2015",1.2e+08,56117548,167849187,2015-08-05
"How Do You Know?","Dec 17, 2010",1.2e+08,30212620,49628177,2010-12-17
"Knight and Day","Jun 23, 2010",1.17e+08,76423035,258751370,2010-06-23
"Venom","Oct 2, 2018",1.16e+08,213511408,856081053,2018-10-02
"The Wolverine","Jul 26, 2013",1.15e+08,132556852,416456852,2013-07-26
"The Huntsman: Winter’s War","Apr 6, 2016",1.15e+08,48003015,165149302,2016-04-06
"Gulliver’s Travels","Dec 24, 2010",1.12e+08,42779261,232017848,2010-12-24
"Ferdinand","Dec 8, 2017",1.11e+08,84410380,307491645,2017-12-08
"Deadpool 2","May 11, 2018",1.1e+08,324591735,786362370,2018-05-11
"Gravity","Oct 3, 2013",1.1e+08,274092705,684657731,2013-10-03
"Venom: Let There be Carnage","Sep 30, 2021",1.1e+08,213550366,501546922,2021-09-30
"Puss in Boots: The Last Wish","Dec 2, 2022",1.1e+08,186090535,484329137,2022-12-02
"San Andreas","May 27, 2015",1.1e+08,155190832,474590832,2015-05-27
"The Smurfs","Jul 29, 2011",1.1e+08,142614158,563749323,2011-07-29
"The Divergent Series: Insurgent","Mar 18, 2015",1.1e+08,130179072,295075882,2015-03-18
"300: Rise of an Empire","Mar 7, 2014",1.1e+08,106580051,330780051,2014-03-07
"Passengers","Dec 21, 2016",1.1e+08,100014699,302239672,2016-12-21
"The Green Hornet","Jan 14, 2011",1.1e+08,98780042,229155503,2011-01-14
"Miss Peregrine’s Home for Peculiar Children","Sep 21, 2016",1.1e+08,87242834,295986876,2016-09-21
"Real Steel","Oct 7, 2011",1.1e+08,85463309,263880341,2011-10-07
"Men in Black: International","Jun 12, 2019",1.1e+08,80001807,254310003,2019-06-12
"The A-Team","Jun 11, 2010",1.1e+08,77222099,177241171,2010-06-11
"The Smurfs 2","Jul 31, 2013",1.1e+08,71017784,348547523,2013-07-31
"The Divergent Series: Allegiant","Mar 9, 2016",1.1e+08,66184051,172022517,2016-03-09
"Ender’s Game","Oct 25, 2013",1.1e+08,61737191,127983283,2013-10-25
"Ghost in the Shell","Mar 23, 2017",1.1e+08,40563557,167910690,2017-03-23
"The Martian","Sep 30, 2015",1.08e+08,228433663,653609107,2015-09-30
"Allied","Nov 20, 2016",1.06e+08,40098064,119266661,2016-11-20
"Ice Age: Collision Course","Jul 1, 2016",1.05e+08,64063008,402156682,2016-07-01
"Kingsman: The Golden Circle","Sep 19, 2017",1.04e+08,100234838,408803696,2017-09-19
"The Hangover 3","May 23, 2013",1.03e+08,112200072,362000072,2013-05-23
"A Wrinkle in Time","Mar 9, 2018",1.03e+08,100478608,133214549,2018-03-09
"Bumblebee","Dec 13, 2018",1.02e+08,127195589,464731819,2018-12-13
"Cloud Atlas","Oct 26, 2012",1.02e+08,27108272,130673154,2012-10-26
"The Super Mario Bros. Movie","Apr 4, 2023",1e+08,574934330,1359226275,2023-04-04
"Spider-Man: Across the Spider-Verse","May 31, 2023",1e+08,381593754,690824738,2023-05-31
"Minions: The Rise of Gru","Jun 16, 2022",1e+08,370549695,937706494,2022-06-16
"Oppenheimer","Jul 19, 2023",1e+08,330078895,976757255,2023-07-19
"John Wick: Chapter 4","Mar 22, 2023",1e+08,187131806,447316405,2023-03-22
"The Hunger Games: The Ballad of Songbirds & Snakes","Nov 15, 2023",1e+08,166350594,347862643,2023-11-15
"Django Unchained","Dec 25, 2012",1e+08,162805434,449841566,2012-12-25
"1917","Dec 25, 2019",1e+08,159227644,383710072,2019-12-25
"Little Fockers","Dec 22, 2010",1e+08,148438600,310650574,2010-12-22
"The Other Guys","Aug 6, 2010",1e+08,119219978,170936470,2010-08-06
"The Wolf of Wall Street","Dec 25, 2013",1e+08,116949183,389816136,2013-12-25
"Epic","May 24, 2013",1e+08,107518682,262794441,2013-05-24
"Cruella","May 26, 2021",1e+08,86103234,225810063,2021-05-26
"The Expendables 2","Aug 15, 2012",1e+08,85028192,311979256,2012-08-15
"Hercules","Jul 23, 2014",1e+08,72688614,243388614,2014-07-23
"The Tourist","Dec 10, 2010",1e+08,67631157,278731369,2010-12-10
"Spies in Disguise","Dec 25, 2019",1e+08,66757013,165124093,2019-12-25
"Midway","Nov 7, 2019",1e+08,56846802,126787360,2019-11-07
"Legend of the Guardians: The Owls of Ga’Hoole","Sep 24, 2010",1e+08,55675313,139716717,2010-09-24
"Wonder Park","Mar 15, 2019",1e+08,45216793,115103325,2019-03-15
"The Expendables 3","Aug 14, 2014",1e+08,39322544,209461378,2014-08-14
"West Side Story","Dec 8, 2021",1e+08,38530322,74829369,2021-12-08
"The King’s Man","Dec 22, 2021",1e+08,37176373,121125300,2021-12-22
"Green Zone","Mar 12, 2010",1e+08,35497337,97523020,2010-03-12
"Geostorm","Oct 13, 2017",1e+08,33700160,223400160,2017-10-13
"Point Break","Dec 2, 2015",1e+08,28782481,133782481,2015-12-02
"Cats","Dec 17, 2019",1e+08,27166770,75298476,2019-12-17
"In the Heart of the Sea","Nov 26, 2015",1e+08,25020758,94320758,2015-11-26
"Transcendence","Apr 18, 2014",1e+08,23022309,103039258,2014-04-18
"Expend4bles","Sep 15, 2023",1e+08,16710153,51133603,2023-09-15
"Mortal Engines","Dec 5, 2018",1e+08,15951040,85481904,2018-12-05
"Chaos Walking","Feb 3, 2021",1e+08,13287908,27072169,2021-02-03
"The Last Duel","Oct 13, 2021",1e+08,10853945,30080003,2021-10-13
"Jin líng shí san chai","Jan 20, 2012",1e+08,311434,98227017,2012-01-20
"The Peanuts Movie","Nov 5, 2015",9.9e+07,130178411,250091610,2015-11-05
"The LEGO Movie 2: The Second Part","Feb 6, 2019",9.9e+07,105806508,192306508,2019-02-06
"Robin Hood","Nov 21, 2018",9.9e+07,30824628,85210012,2018-11-21
"Ford v. Ferrari","Nov 14, 2019",97600000,117624357,224390706,2019-11-14
"Alien: Covenant","May 4, 2017",9.7e+07,74262031,238521247,2017-05-04
"Cinderella","Mar 6, 2015",9.5e+07,201151353,542351353,2015-03-06
"Ice Age: Continental Drift","Jun 27, 2012",9.5e+07,161321843,879765137,2012-06-27
"Trolls Band Together","Oct 12, 2023",9.5e+07,103974820,210669403,2023-10-12
"Sex and the City 2","May 27, 2010",9.5e+07,95347692,294680778,2010-05-27
"Percy Jackson & the Olympians: The Lightning Thief","Feb 12, 2010",9.5e+07,88768303,223050874,2010-02-12
"The Campaign","Aug 10, 2012",9.5e+07,86907746,104907746,2012-08-10
"Unstoppable","Nov 12, 2010",9.5e+07,81562942,165720921,2010-11-12
"Ben-Hur","Jun 30, 2016",9.5e+07,26410477,91669648,2016-06-30
"Ferrari","Dec 14, 2023",9.5e+07,18550030,40989660,2023-12-14
"Seventh Son","Dec 19, 2014",9.5e+07,17725785,108874967,2014-12-19
"Kingsman: The Secret Service","Jan 29, 2015",9.4e+07,128261724,404561724,2015-01-29
"Rise of the Planet of the Apes","Aug 5, 2011",9.3e+07,176760185,470986200,2011-08-05
"A Good Day to Die Hard","Feb 6, 2013",9.2e+07,67349198,304249198,2013-02-06
"The Secret Life of Walter Mitty","Dec 19, 2013",9.1e+07,58236838,187861183,2013-12-19
"Jumanji: Welcome to the Jungle","Dec 20, 2017",9e+07,404508916,961632807,2017-12-20
"Bad Boys For Life","Jan 15, 2020",9e+07,204417855,424471663,2020-01-15
"Sonic the Hedgehog 2","Mar 30, 2022",9e+07,190872904,403824597,2022-03-30
"Spider-Man: Into The Spider-Verse 3D","Dec 12, 2018",9e+07,190173195,373807069,2018-12-12
"Sonic The Hedgehog","Feb 13, 2020",9e+07,146066470,302452077,2020-02-13
"Rio","Apr 7, 2011",9e+07,143619809,487517241,2011-04-07
"Once Upon a Time…in Hollywood","Jul 24, 2019",9e+07,142502728,377426903,2019-07-24
"The Girl with the Dragon Tattoo","Dec 20, 2011",9e+07,102515793,239373970,2011-12-20
"DC League of Super Pets","Jul 27, 2022",9e+07,93657117,207557117,2022-07-27
"The Magnificent Seven","Sep 12, 2016",9e+07,93432655,162122642,2016-09-12
"Alvin and the Chipmunks: The Road Chip","Dec 18, 2015",9e+07,85886987,249517956,2015-12-18
"Pixels","Jul 16, 2015",9e+07,78765986,243492814,2015-07-16
"Percy Jackson: Sea of Monsters","Aug 7, 2013",9e+07,68559554,200859554,2013-08-07
"Now You See Me 2","May 27, 2016",9e+07,65075540,328325007,2016-05-27
"Tomb Raider","Mar 6, 2018",9e+07,58250803,274950803,2018-03-06
"AIR","Mar 5, 2023",9e+07,52460106,90060106,2023-03-05
"Death on the Nile","Feb 9, 2022",9e+07,45630104,130298184,2022-02-09
"Conan the Barbarian","Aug 19, 2011",9e+07,21295021,63356133,2011-08-19
"Devotion","Nov 23, 2022",9e+07,20511938,21461880,2022-11-23
"The Three Musketeers","Oct 21, 2011",9e+07,20377913,139877913,2011-10-21
"The Promise","Apr 21, 2017",9e+07,8224288,10551417,2017-04-21
"Scoob!","May 15, 2020",9e+07,2188425,28748685,2020-05-15
"The Nutcracker in 3D","Nov 24, 2010",9e+07,195459,20466016,2010-11-24
"The Predator","Sep 11, 2018",8.8e+07,51024708,159487563,2018-09-11
"Snake Eyes: G.I. Joe Origins","Jul 21, 2021",8.8e+07,28264325,34677221,2021-07-21
"Renfield","Apr 6, 2023",86203077,17297895,26874347,2023-04-06
"Bullet Train","Jul 14, 2022",85900000,103368602,238534963,2022-07-14
"Sing 2","Dec 1, 2021",8.5e+07,162790990,404534588,2021-12-01
"Elvis","Jun 22, 2022",8.5e+07,151416153,288015403,2022-06-22
"Divergent","Mar 21, 2014",8.5e+07,150947895,276014965,2014-03-21
"Hotel Transylvania","Sep 27, 2012",8.5e+07,148313048,377140952,2012-09-27
"Shazam!","Apr 3, 2019",8.5e+07,140371656,365971656,2019-04-03
"Safe House","Feb 8, 2012",8.5e+07,126181630,207884401,2012-02-08
"Tower Heist","Nov 4, 2011",8.5e+07,78046570,150422946,2011-11-04
"Mirror Mirror","Mar 15, 2012",8.5e+07,64935167,173613482,2012-03-15
"Arthur Christmas","Nov 11, 2011",8.5e+07,46462469,147555243,2011-11-11
"xXx: Return of Xander Cage","Jan 19, 2017",8.5e+07,44898413,345033359,2017-01-19
"Cats & Dogs: The Revenge of Kitty Galore","Jul 30, 2010",8.5e+07,43585753,113026383,2010-07-30
"Scott Pilgrim vs. The World","Aug 12, 2010",8.5e+07,33727600,50013741,2010-08-12
"The Greatest Showman","Dec 11, 2017",8.4e+07,174340174,428796000,2017-12-11
"RED 2","Jul 19, 2013",8.4e+07,53262560,141507355,2013-07-19
"The Expendables","Aug 13, 2010",8.2e+07,103068524,268268174,2010-08-13
"Birds of Prey (And the Fantabulous Emancipation…","Feb 5, 2020",8.2e+07,84158461,205358461,2020-02-05
"The Boss Baby: Family Business","Jul 1, 2021",8.2e+07,57300280,146281732,2021-07-01
"The Hunger Games","Mar 8, 2012",8e+07,408010692,677923379,2012-03-08
"The Hangover Part II","May 26, 2011",8e+07,254464305,586764305,2011-05-26
"The Lego Batman Movie","Feb 2, 2017",8e+07,175750384,312055094,2017-02-02
"Hotel Transylvania 2","Sep 23, 2015",8e+07,169700110,474800000,2015-09-23
"The Secret Life of Pets 2","May 24, 2019",8e+07,159214420,446449908,2019-05-24
"Grown Ups 2","Jul 12, 2013",8e+07,133668525,247023808,2013-07-12
"Alvin and the Chipmunks: Chipwrecked","Dec 14, 2011",8e+07,133107389,349088523,2011-12-14
"Shutter Island","Feb 19, 2010",8e+07,128012934,299461782,2010-02-19
"Just Go With It","Feb 11, 2011",8e+07,103028109,214974953,2011-02-11
"Yogi Bear","Dec 17, 2010",8e+07,100246011,204774690,2010-12-17
"The Book of Eli","Jan 15, 2010",8e+07,94835059,158750817,2010-01-15
"Fury","Oct 17, 2014",8e+07,85817906,210221008,2014-10-17
"Smallfoot","Sep 21, 2018",8e+07,83240103,217940103,2018-09-21
"Zookeeper","Jul 8, 2011",8e+07,80360866,170805525,2011-07-08
"Ad Astra","Sep 19, 2019",8e+07,50188370,135154826,2019-09-19
"The Creator","Sep 27, 2023",8e+07,40774679,104272136,2023-09-27
"Walking with Dinosaurs","Dec 20, 2013",8e+07,36076121,123368842,2013-12-20
"The Last Witch Hunter","Oct 21, 2015",8e+07,27367660,130818912,2015-10-21
"Pompeii","Feb 21, 2014",8e+07,23169033,108469033,2014-02-21
"Oceans","Apr 22, 2010",8e+07,19422319,86787530,2010-04-22
"Babylon","Dec 23, 2022",8e+07,16596054,64326615,2022-12-23
"Amsterdam","Oct 6, 2022",8e+07,14947969,29400826,2022-10-06
"Journey 2: The Mysterious Island","Jan 19, 2012",7.9e+07,103860290,318146162,2012-01-19
"Jack and Jill","Nov 11, 2011",7.9e+07,74158157,150519217,2011-11-11
"Cloudy with a Chance of Meatballs 2","Sep 26, 2013",7.8e+07,119793567,274392649,2013-09-26
"The Little Prince","Jul 29, 2015",77500000,1311213,101281211,2015-07-29
"The Equalizer 2","Jul 18, 2018",7.7e+07,102084362,190376181,2018-07-18
"Despicable Me 2","Jun 26, 2013",7.6e+07,368065385,975216835,2013-06-26
"The Secret Life of Pets","May 8, 2016",7.5e+07,369094830,886013000,2016-05-08
"Dr. Seuss’ The Grinch","Nov 7, 2018",7.5e+07,273468675,515243377,2018-11-07
"Sing","Nov 24, 2016",7.5e+07,270329045,631064182,2016-11-24
"Despicable Me 3","Jun 14, 2017",7.5e+07,264624300,1032809657,2017-06-14
"John Wick: Chapter 3 — Parabellum","May 15, 2019",7.5e+07,171016727,326685379,2019-05-15
"Grown Ups","Jun 25, 2010",7.5e+07,162001186,272222420,2010-06-25
"Creed III","Mar 1, 2023",7.5e+07,156248615,276148615,2023-03-01
"Ghostbusters: Afterlife","Nov 18, 2021",7.5e+07,129360575,202991088,2021-11-18
"Mamma Mia: Here We Go Again!","Jul 18, 2018",7.5e+07,120634935,396143331,2018-07-18
"Now You See Me","May 31, 2013",7.5e+07,117723989,342769200,2013-05-31
"Christopher Robin","Aug 3, 2018",7.5e+07,99215042,197744377,2018-08-03
"Immortals","Nov 11, 2011",7.5e+07,83504017,211562435,2011-11-11
"Morbius","Mar 30, 2022",7.5e+07,73865530,162759437,2022-03-30
"Abominable","Sep 19, 2019",7.5e+07,60761390,188668889,2019-09-19
"House of Gucci","Nov 24, 2021",7.5e+07,53809574,147474138,2021-11-24
"Killers","Jun 4, 2010",7.5e+07,47059963,95572749,2010-06-04
"The Man From U.N.C.L.E.","Aug 12, 2015",7.5e+07,45445109,110045109,2015-08-12
"Sucker Punch","Mar 25, 2011",7.5e+07,36392502,89758389,2011-03-25
"Inferno","Oct 5, 2016",7.5e+07,34343574,219519367,2016-10-05
"The 355","Jan 6, 2022",7.5e+07,14570455,18902798,2022-01-06
"PLAYMOBIL","Aug 7, 2019",7.5e+07,1115008,16288031,2019-08-07
"Minions","Jun 17, 2015",7.4e+07,336045770,1157271759,2015-06-17
"The SpongeBob Movie: Sponge Out of Water","Jan 28, 2015",7.4e+07,162994032,311013181,2015-01-28
"The Lost City","Mar 24, 2022",7.4e+07,105344029,191588189,2022-03-24
"The Angry Birds Movie","May 11, 2016",7.3e+07,107509366,352288341,2016-05-11
"Migration","Dec 6, 2023",7.2e+07,127630880,300501352,2023-12-06
"It: Chapter Two","Sep 4, 2019",7e+07,211593228,473093228,2019-09-04
"Ocean’s 8","Jun 8, 2018",7e+07,140218711,297718711,2018-06-08
"Teenage Mutant Ninja Turtles: Mutant Mayhem","Aug 2, 2023",7e+07,118700272,180329865,2023-08-02
"Daddy’s Home 2","Nov 10, 2017",7e+07,104029443,180800776,2017-11-10
"Olympus Has Fallen","Mar 20, 2013",7e+07,98927592,172836993,2013-03-20
"The Bad Guys","Mar 17, 2022",7e+07,97787945,251161040,2022-03-17
"The Equalizer 3","Aug 30, 2023",7e+07,92373751,191067560,2023-08-30
"Battle: Los Angeles","Mar 11, 2011",7e+07,83552429,213463976,2011-03-11
"War Horse","Dec 25, 2011",7e+07,79883359,156815529,2011-12-25
"The Monuments Men","Feb 7, 2014",7e+07,78031620,158702748,2014-02-07
"Storks","Sep 22, 2016",7e+07,72679278,183679278,2016-09-22
"Underworld: Awakening","Jan 20, 2012",7e+07,62321039,160379930,2012-01-20
"The Lego Ninjago Movie","Sep 15, 2017",7e+07,59281555,123681555,2017-09-15
"Dracula Untold","Oct 1, 2014",7e+07,55991880,220241723,2014-10-01
"Wall Street 2: Money Never Sleeps","Sep 24, 2010",7e+07,52474616,137431619,2010-09-24
"The Dilemma","Jan 14, 2011",7e+07,48475290,70546865,2011-01-14
"Rock of Ages","Jun 13, 2012",7e+07,38518613,61031932,2012-06-13
"The Hitman’s Wife’s Bodyguard","Jun 11, 2021",7e+07,38014727,67387455,2021-06-11
"The Finest Hours","Jan 27, 2016",7e+07,27569558,49252761,2016-01-27
"Escape Plan","Oct 10, 2013",7e+07,25135965,103735965,2013-10-10
"Killer Elite","Sep 23, 2011",7e+07,25124986,65409046,2011-09-23
"The Legend of Hercules","Jan 10, 2014",7e+07,18848538,58953319,2014-01-10
"Ruby Gillman, Teenage Kraken","Jun 28, 2023",7e+07,15753600,46247409,2023-06-28
"Legends of Oz: Dorothy’s Return","May 9, 2014",7e+07,8462347,20107933,2014-05-09
"Blackhat","Jan 16, 2015",7e+07,8005980,19665004,2015-01-16
"Agora","May 28, 2010",7e+07,619423,38992292,2010-05-28
"Despicable Me","Jul 9, 2010",6.9e+07,252756705,544707293,2010-07-09
"Dinner for Schmucks","Jul 30, 2010",6.9e+07,73026337,86796502,2010-07-30
"Red Sparrow","Feb 28, 2018",6.9e+07,46874505,145951861,2018-02-28
"The Twilight Saga: Eclipse","Jun 30, 2010",6.8e+07,300834957,705134076,2010-06-30
"Nope","Jul 21, 2022",6.8e+07,123277080,171932082,2022-07-21
"Ted 2","Jun 25, 2015",6.8e+07,81476385,217214143,2015-06-25
"Hall Pass","Feb 25, 2011",6.8e+07,45060734,87173475,2011-02-25
"Downsizing","Dec 22, 2017",6.8e+07,24449754,54462971,2017-12-22
"Reminiscence","Aug 18, 2021",67972729,3900193,16400193,2021-08-18
"Dr. Seuss’ The Lorax","Mar 1, 2012",67500000,214151550,351097803,2012-03-01
"Abraham Lincoln: Vampire Hunter","Jun 20, 2012",67500000,37519139,137489730,2012-06-20
"The New Mutants","Aug 26, 2020",6.7e+07,23855569,47535251,2020-08-26
"The Dark Tower","Aug 2, 2017",6.6e+07,50701325,113461527,2017-08-02
"Need for Speed","Mar 13, 2014",6.6e+07,43568507,194169619,2014-03-13
"Lincoln","Nov 9, 2012",6.5e+07,182207973,273346281,2012-11-09
"Hotel Transylvania 3: Summer Vacation","Jun 22, 2018",6.5e+07,167500092,527361714,2018-06-22
"Les Misérables","Dec 19, 2012",6.5e+07,149260140,435292452,2012-12-19
"Unbroken","Dec 25, 2014",6.5e+07,115637895,163527824,2014-12-25
"Spy!","May 21, 2015",6.5e+07,110825712,233844106,2015-05-21
"Due Date","Nov 5, 2010",6.5e+07,100539043,211739043,2010-11-05
"Annie","Dec 18, 2014",6.5e+07,85911262,139829625,2014-12-18
"Pete’s Dragon","Aug 10, 2016",6.5e+07,76233151,137768975,2016-08-10
"The Dictator","May 16, 2012",6.5e+07,59650222,180148897,2012-05-16
"The Croods: A New Age","Nov 25, 2020",6.5e+07,58568815,214766238,2020-11-25
"This Means War","Feb 16, 2012",6.5e+07,54760791,156974557,2012-02-16
"Focus","Feb 26, 2015",6.5e+07,53862963,168065700,2015-02-26
"Red Dawn","Nov 21, 2012",6.5e+07,44806783,48164150,2012-11-21
"Everest","Aug 17, 2015",6.5e+07,43482270,221297061,2015-08-17
"Resident Evil: Retribution","Sep 12, 2012",6.5e+07,42345531,240647629,2012-09-12
"The Angry Birds Movie 2","Aug 2, 2019",6.5e+07,41657076,152255188,2019-08-02
"I, Frankenstein","Jan 24, 2014",6.5e+07,19075290,74575290,2014-01-24
"Underwater","Nov 29, 2019",6.5e+07,17291078,39177495,2019-11-29
"Sin City: A Dame to Kill For","Aug 22, 2014",6.5e+07,13757804,40650842,2014-08-22
"Live by Night","Dec 25, 2016",6.5e+07,10378555,22778555,2016-12-25
"Tian jiang xiong shi","Feb 18, 2015",6.5e+07,74070,122519874,2015-02-18
"Clifford the Big Red Dog","Nov 10, 2021",6.4e+07,48947356,113350187,2021-11-10
"Hop","Apr 1, 2011",6.3e+07,108085305,188494082,2011-04-01
"American Assassin","Sep 14, 2017",6.3e+07,36249674,68310140,2017-09-14
"The Hateful Eight","Dec 25, 2015",6.2e+07,54117416,151813358,2015-12-25
"Gone Girl","Oct 2, 2014",6.1e+07,167767189,367128535,2014-10-02
"A Quiet Place: Part II","May 26, 2021",6.1e+07,160215764,296650356,2021-05-26
"Maze Runner: The Scorch Trials","Sep 9, 2015",6.1e+07,81697192,310566162,2015-09-09
"2 Guns","Aug 2, 2013",6.1e+07,75612460,132493015,2013-08-02
"Maze Runner: The Death Cure","Jan 17, 2018",6.1e+07,58032443,265878536,2018-01-17
"A Dog’s Way Home","Jan 9, 2019",6.1e+07,41952715,81152505,2019-01-09
"The Mermaid (美人鱼)","Feb 7, 2016",60720000,3229457,523758236,2016-02-07
"The Lego Movie","Feb 6, 2014",6e+07,258364131,467229007,2014-02-06
"Sully","Sep 8, 2016",6e+07,125070033,243870033,2016-09-08
"Red","Oct 15, 2010",6e+07,90380162,196439693,2010-10-15
"Eat Pray Love","Aug 13, 2010",6e+07,80574010,206598789,2010-08-13
"Jack Reacher","Dec 20, 2012",6e+07,80070736,218340595,2012-12-20
"Contagion","Sep 9, 2011",6e+07,75658097,137203939,2011-09-09
"Ticket to Paradise","Sep 8, 2022",6e+07,68275985,168576981,2022-09-08
"London Has Fallen","Mar 2, 2016",6e+07,62524260,195194085,2016-03-02
"Jack Reacher: Never Go Back","Oct 20, 2016",6e+07,58697076,159946489,2016-10-20
"Baywatch","May 25, 2017",6e+07,58060186,175863783,2017-05-25
"ParaNorman","Aug 3, 2012",6e+07,57100469,109217080,2012-08-03
"Joy","Dec 24, 2015",6e+07,56451232,101134059,2015-12-24
"The Boxtrolls","Sep 19, 2014",6e+07,50837305,111898741,2014-09-19
"Jack Ryan: Shadow Recruit","Jan 17, 2014",6e+07,50577412,131377412,2014-01-17
"Vice","Dec 21, 2018",6e+07,47836282,70893782,2018-12-21
"Gangster Squad","Jan 9, 2013",6e+07,46000903,104100903,2013-01-09
"Smurfs: The Lost Village","Mar 24, 2017",6e+07,45020282,197578586,2017-03-24
"First Man","Oct 10, 2018",6e+07,44936545,105523737,2018-10-10
"Gran Turismo: Based on a True Story","Aug 9, 2023",6e+07,44428554,117862107,2023-08-09
"Edge of Darkness","Jan 29, 2010",6e+07,43313890,82812456,2010-01-29
"A Haunting in Venice","Sep 13, 2023",6e+07,42471412,122290456,2023-09-13
"Trouble with the Curve","Sep 21, 2012",6e+07,35763137,47818913,2012-09-21
"Cold Pursuit","Feb 7, 2019",6e+07,32138862,62599159,2019-02-07
"The Mortal Instruments: City of Bones","Aug 21, 2013",6e+07,31165421,75965567,2013-08-21
"Priest","May 13, 2011",6e+07,29136626,84154026,2011-05-13
"Monster Hunter","Feb 18, 2020",6e+07,15162470,47853893,2020-02-18
"Winter’s Tale","Feb 14, 2014",6e+07,12600231,29575033,2014-02-14
"Nightmare Alley","Dec 17, 2021",6e+07,11338107,37537773,2021-12-17
"Rock Dog","Jul 2, 2016",6e+07,9420546,24148488,2016-07-02
"Three Thousand Years of Longing","Aug 24, 2022",6e+07,8286741,21245954,2022-08-24
"Mortdecai","Jan 21, 2015",6e+07,7696134,37360909,2015-01-21
"The SpongeBob Movie: Sponge on the Run","Jul 31, 2020",6e+07,4810790,4810790,2020-07-31
"Knights of the Zodiac","Mar 25, 2023",6e+07,1090155,6951086,2023-03-25
"The Monkey King 2 (西游记之孙悟空三打白骨精)…","Feb 4, 2016",6e+07,709982,194058503,2016-02-04
"The Informer","Aug 30, 2019",6e+07,300460,3377027,2019-08-30
"Sherlock Gnomes","Mar 15, 2018",5.9e+07,43242871,97459106,2018-03-15
"The Kid Who Would Be King","Jan 18, 2019",5.9e+07,16790790,28296983,2019-01-18
"Deadpool","Feb 9, 2016",5.8e+07,363070709,781947691,2016-02-09
"American Sniper","Dec 25, 2014",5.8e+07,350126372,547626372,2014-12-25
"Goosebumps","Oct 14, 2015",5.8e+07,80069458,158952243,2015-10-14
"Red Tails","Jan 20, 2012",5.8e+07,49876377,50365498,2012-01-20
"The Internship","Jun 7, 2013",5.8e+07,44672764,93672764,2013-06-07
"Life","Mar 22, 2017",5.8e+07,30234022,101815660,2017-03-22
"Resident Evil: Afterlife","Sep 10, 2010",57500000,60128566,295874190,2010-09-10
"That’s My Boy","Jun 13, 2012",57500000,36931089,58879681,2012-06-13
"Ghost Rider: Spirit of Vengeance","Feb 17, 2012",5.7e+07,51774002,149217355,2012-02-17
"Into the Woods","Dec 25, 2014",56200000,128002372,212416317,2014-12-25
"Zhuo yao ji","Jul 12, 2015",5.6e+07,32766,340969819,2015-07-12
"Joker","Oct 2, 2019",5.5e+07,335451311,1078751311,2019-10-02
"Bohemian Rhapsody","Oct 24, 2018",5.5e+07,216303339,879088897,2018-10-24
"Fifty Shades Darker","Feb 8, 2017",5.5e+07,114434010,381367046,2017-02-08
"Captain Phillips","Oct 11, 2013",5.5e+07,107136417,220648184,2013-10-11
"Murder on the Orient Express","Nov 3, 2017",5.5e+07,102826543,351767147,2017-11-03
"The Equalizer","Sep 26, 2014",5.5e+07,101530738,192903624,2014-09-26
"Fifty Shades Freed","Feb 7, 2018",5.5e+07,100407760,371985018,2018-02-07
"Date Night","Apr 9, 2010",5.5e+07,98711404,152269033,2010-04-09
"Paddington","Nov 28, 2014",5.5e+07,76223578,267463854,2014-11-28
"Mr. Poppers’s Penguins","Jun 17, 2011",5.5e+07,68224452,189624452,2011-06-17
"Free Birds","Oct 31, 2013",5.5e+07,55750480,110387072,2013-10-31
"Muppets Most Wanted","Mar 21, 2014",5.5e+07,51178893,79312301,2014-03-21
"Kubo and the Two Strings","Aug 18, 2016",5.5e+07,48023088,77548122,2016-08-18
"Mortal Kombat","Apr 8, 2021",5.5e+07,42326031,84426031,2021-04-08
"Burlesque","Nov 24, 2010",5.5e+07,39440655,90552675,2010-11-24
"The Watch","Jul 27, 2012",5.5e+07,34353000,67130045,2012-07-27
"Annihilation","Feb 23, 2018",5.5e+07,32732301,43070915,2018-02-23
"Crimson Peak","Oct 14, 2015",5.5e+07,31090320,74966854,2015-10-14
"The Pirates! Band of Misfits","Mar 28, 2012",5.5e+07,31051126,136143605,2012-03-28
"In the Heights","Jun 10, 2021",5.5e+07,29975167,45175167,2021-06-10
"Bullet to the Head","Jan 31, 2013",5.5e+07,9489829,22597969,2013-01-31
"Black Mass","Sep 17, 2015",5.3e+07,62575678,99975678,2015-09-17
"Zero Dark Thirty","Dec 19, 2012",52500000,95720716,134612435,2012-12-19
"Valentine’s Day","Feb 12, 2010",5.2e+07,110485654,217569328,2010-02-12
"The Change-Up","Aug 5, 2011",5.2e+07,37243418,75997067,2011-08-05
"From Paris With Love","Feb 5, 2010",5.2e+07,24077427,53139168,2010-02-05
"Alpha","Aug 15, 2018",5.1e+07,35851379,99624873,2018-08-15
"The Adjustment Bureau","Mar 4, 2011",50200000,62495645,126931325,2011-03-04
"Ted","Jun 29, 2012",5e+07,218665740,556016627,2012-06-29
"22 Jump Street","Jun 5, 2014",5e+07,191719337,331333876,2014-06-05
"Daddy’s Home","Dec 25, 2015",5e+07,150357137,241504989,2015-12-25
"Central Intelligence","Jun 16, 2016",5e+07,127440871,217194805,2016-06-16
"Anchorman 2: The Legend Continues","Dec 18, 2013",5e+07,127413176,172246223,2013-12-18
"Super 8","Jun 10, 2011",5e+07,127004179,257972745,2011-06-10
"Creed II","Nov 21, 2018",5e+07,115715889,214215889,2018-11-21
"Peter Rabbit","Feb 8, 2018",5e+07,115234093,358117307,2018-02-08
"The Mule","Dec 14, 2018",5e+07,103804407,174804407,2018-12-14
"Non-Stop","Feb 28, 2014",5e+07,91742160,222383055,2014-02-28
"Disney Planes","Aug 9, 2013",5e+07,90282580,238059569,2013-08-09
"The Emoji Movie","Jul 26, 2017",5e+07,86089513,216564839,2017-07-26
"Crazy, Stupid, Love","Jul 29, 2011",5e+07,84351197,146493974,2011-07-29
"The Post","Dec 22, 2017",5e+07,81903458,179769457,2017-12-22
"We Bought a Zoo","Dec 23, 2011",5e+07,75624550,118729073,2011-12-23
"Moneyball","Sep 23, 2011",5e+07,75605492,111222017,2011-09-23
"The Woman King","Sep 15, 2022",5e+07,67328130,94272634,2022-09-15
"A Man Called Otto","Dec 25, 2022",5e+07,64267657,108641148,2022-12-25
"Planes: Fire and Rescue","Jul 17, 2014",5e+07,59157732,156399644,2014-07-17
"American Reunion","Apr 4, 2012",5e+07,56758835,236799211,2012-04-04
"Hansel & Gretel: Witch Hunters","Jan 25, 2013",5e+07,55703475,214949716,2013-01-25
"I am Number Four","Feb 18, 2011",5e+07,55100437,146195159,2011-02-18
"13 Hours: The Secret Soldiers of Benghazi","Jan 15, 2016",5e+07,52853219,69411370,2016-01-15
"American Made","Aug 23, 2017",5e+07,51342000,135569212,2017-08-23
"The Book of Life","Oct 17, 2014",5e+07,50151543,97651543,2014-10-17
"Into the Storm","Aug 8, 2014",5e+07,47602194,150429371,2014-08-08
"The Judge","Oct 10, 2014",5e+07,47119388,76073556,2014-10-10
"Lyle, Lyle, Crocodile","Oct 6, 2022",5e+07,46888441,107192068,2022-10-06
"Tom and Jerry","Feb 12, 2021",5e+07,46536687,136536687,2021-02-12
"Rambo: Last Blood","Sep 19, 2019",5e+07,44819352,91378886,2019-09-19
"War Dogs","Aug 19, 2016",5e+07,43034523,86434523,2016-08-19
"The Nice Guys","May 19, 2016",5e+07,36261763,71261763,2016-05-19
"Marmaduke","Jun 4, 2010",5e+07,33644788,89895930,2010-06-04
"Hereafter","Oct 15, 2010",5e+07,32746941,108660270,2010-10-15
"Hostiles","Dec 22, 2017",5e+07,29819114,36976336,2017-12-22
"Zoolander 2","Feb 5, 2016",5e+07,28848693,55348693,2016-02-05
"The Host","Mar 22, 2013",5e+07,26623701,64477051,2013-03-22
"Run All Night","Mar 11, 2015",5e+07,26461644,71661644,2015-03-11
"All the Money in the World","Dec 25, 2017",5e+07,25106325,56890649,2017-12-25
"Hellboy","Apr 10, 2019",5e+07,21903748,53956480,2019-04-10
"Your Highness","Apr 8, 2011",5e+07,21596445,26121638,2011-04-08
"Dream House","Sep 30, 2011",5e+07,21302340,41642166,2011-09-30
"Free State of Jones","Jun 24, 2016",5e+07,20810036,23237252,2016-06-24
"Beautiful Creatures","Feb 14, 2013",5e+07,19452138,60282876,2013-02-14
"King Richard","Nov 18, 2021",5e+07,15138334,39538334,2021-11-18
"Drive Angry","Feb 25, 2011",5e+07,10721033,41042583,2011-02-25
"Early Man","Jan 26, 2018",5e+07,8267544,45285890,2018-01-26
"The Many Saints of Newark","Sep 24, 2021",5e+07,8237403,13037403,2021-09-24
"The Wandering Earth (流浪地球)","Feb 1, 2019",5e+07,5875487,610759412,2019-02-01
"Arctic Dogs","Nov 1, 2019",5e+07,5801249,11285154,2019-11-01
"The Rhythm Section","Jan 31, 2020",5e+07,5437971,5983043,2020-01-31
"Child 44","Apr 17, 2015",5e+07,1224330,8004221,2015-04-17
"Upside Down","Aug 23, 2012",5e+07,102118,26387039,2012-08-23
"Shanghai","Sep 7, 2012",5e+07,46425,15505922,2012-09-07
"Dora and the Lost City of Gold","Aug 8, 2019",4.9e+07,60477943,120592276,2019-08-08
"Chappie","Mar 4, 2015",4.9e+07,31569268,105002056,2015-03-04
"Anna Karenina","Sep 7, 2012",4.9e+07,12816367,71004627,2012-09-07
"Taken 3","Jan 2, 2015",4.8e+07,89256424,327656424,2015-01-02
"Zombieland: Double Tap","Oct 9, 2019",4.8e+07,73118130,125213018,2019-10-09
"Instant Family","Nov 16, 2018",4.8e+07,67363237,119736188,2018-11-16
"Tooth Fairy","Jan 22, 2010",4.8e+07,60022256,112610386,2010-01-22
"Charlie’s Angels","Nov 13, 2019",4.8e+07,17801306,73235048,2019-11-13
"The Infiltrator","Jul 13, 2016",47500000,15436808,22152137,2016-07-13
"Arrival","Nov 9, 2016",4.7e+07,100546139,202109476,2016-11-09
"Jonah Hex","Jun 18, 2010",4.7e+07,10547117,11022696,2010-06-18
"Silence","Dec 23, 2016",46500000,7100177,23709894,2016-12-23
"Mr. Nobody","Oct 4, 2012",46500000,3622,22254,2012-10-04
"Prisoners","Sep 19, 2013",4.6e+07,61002302,113310547,2013-09-19
"Strays","Aug 4, 2023",4.6e+07,23988885,35983009,2023-08-04
"Arthur and the War of Two Worlds","Nov 5, 2015",45500000,347136,36180824,2015-11-05
"Taken 2","Sep 27, 2012",4.5e+07,139854287,377807404,2012-09-27
"Pitch Perfect 3","Dec 21, 2017",4.5e+07,104897530,185736412,2017-12-21
"The Muppets","Nov 23, 2011",4.5e+07,88625922,160461952,2011-11-23
"The Girl on the Train","Oct 5, 2016",4.5e+07,75395035,174278214,2016-10-05
"The Bounty Hunter","Mar 19, 2010",4.5e+07,67061228,135808837,2010-03-19
"A Beautiful Day in the Neighborhood","Nov 22, 2019",4.5e+07,61696436,68590003,2019-11-22
"Office Christmas Party","Dec 8, 2016",4.5e+07,54767494,115097874,2016-12-08
"No Hard Feelings","Jun 15, 2023",4.5e+07,50452282,83453541,2023-06-15
"Savages","Jul 6, 2012",4.5e+07,47323100,82513490,2012-07-06
"Blended","May 22, 2014",4.5e+07,46290741,127990741,2014-05-22
"All Eyez on Me","Jun 15, 2016",4.5e+07,44922302,57697426,2016-06-15
"Peter Rabbit 2: The Runaway","Mar 26, 2021",4.5e+07,40501717,157214984,2021-03-26
"65","Mar 9, 2023",4.5e+07,32062904,56241027,2023-03-09
"Doctor Sleep","Oct 31, 2019",4.5e+07,31581712,72381712,2019-10-31
"Magic Mike’s Last Dance","Feb 8, 2023",4.5e+07,26033633,57133633,2023-02-08
"Whitney Houston: I Wanna Dance With Somebody","Dec 21, 2022",4.5e+07,23708080,59385184,2022-12-21
"Richard Jewell","Dec 13, 2019",4.5e+07,22345542,44645542,2019-12-13
"UglyDolls","May 1, 2019",4.5e+07,20150241,32630599,2019-05-01
"Paws of Fury: The Legend of Hank","Jul 15, 2022",4.5e+07,17811382,40166138,2022-07-15
"The Ghost Writer","Feb 19, 2010",4.5e+07,15541549,65532491,2010-02-19
"The Last Voyage of the Demeter","Aug 9, 2023",4.5e+07,13637180,20397648,2023-08-09
"Dredd","Sep 7, 2012",4.5e+07,13414714,41467606,2012-09-07
"The Rum Diary","Oct 28, 2011",4.5e+07,13109815,21544732,2011-10-28
"Welcome to Marwen","Dec 21, 2018",4.5e+07,10763520,13086137,2018-12-21
"Bloodshot","Nov 29, 2019",4.5e+07,10021787,37163054,2019-11-29
"Johnny English Reborn","Oct 21, 2011",4.5e+07,8406711,164640401,2011-10-21
"Argo","Oct 11, 2012",44500000,136025503,227140757,2012-10-11
"Charlie St. Cloud","Jul 30, 2010",4.4e+07,31206263,48478084,2010-07-30
"The Interview","Feb 6, 2014",4.4e+07,6105175,12342632,2014-02-06
"The Heat","Jun 28, 2013",4.3e+07,159581587,229727774,2013-06-28
"The Girl in the Spider’s Web","Oct 25, 2018",4.3e+07,14828555,34983342,2018-10-25
"Last Night in Soho","Oct 27, 2021",4.3e+07,10127625,22567607,2021-10-27
"A Monster Calls","Oct 7, 2016",4.3e+07,3740823,46414530,2016-10-07
"The Mechanic","Jan 28, 2011",42500000,29121498,76347393,2011-01-28
"21 Jump Street","Mar 14, 2012",4.2e+07,138447667,202812429,2012-03-14
"Little Women","Dec 25, 2019",4.2e+07,108095955,218838386,2019-12-25
"Snatched","May 12, 2017",4.2e+07,45852178,60129558,2017-05-12
"Here Comes the Boom","Oct 10, 2012",4.2e+07,45290318,73239258,2012-10-10
"Red Riding Hood","Mar 11, 2011",4.2e+07,37662162,91678442,2011-03-11
"Holmes & Watson","Dec 20, 2018",4.2e+07,30568743,41926605,2018-12-20
"One for the Money","Jan 27, 2012",4.2e+07,26414527,39377700,2012-01-27
"Man on a Ledge","Jan 27, 2012",4.2e+07,18620000,49621440,2012-01-27
"The Warrior's Way","Dec 3, 2010",4.2e+07,5666340,8514325,2010-12-03
"Micmacs","May 28, 2010",4.2e+07,1259693,18821576,2010-05-28
"Rocketman","May 22, 2019",4.1e+07,96368160,190995193,2019-05-22
"The Big Year","Oct 14, 2011",4.1e+07,7204138,7684524,2011-10-14
"Mafia Mamma","Apr 13, 2023",4.1e+07,3496761,7777708,2023-04-13
"The King’s Daughter","Jan 21, 2022",40500000,1747263,2157750,2022-01-21
"The Karate Kid","Jun 11, 2010",4e+07,176591618,351774938,2010-06-11
"Fifty Shades of Grey","Feb 11, 2015",4e+07,166167230,570794950,2015-02-11
"Knives Out","Nov 27, 2019",4e+07,165364060,312898746,2019-11-27
"American Hustle","Dec 12, 2013",4e+07,150098456,257858943,2013-12-12
"Lucy","Jul 25, 2014",4e+07,126573960,457507776,2014-07-25
"Lone Survivor","Dec 25, 2013",4e+07,125095601,149804632,2013-12-25
"The Conjuring 2: The Enfield Poltergeist","Jun 9, 2016",4e+07,102470008,321370008,2016-06-09
"The Social Network","Oct 1, 2010",4e+07,96962694,224922135,2010-10-01
"John Wick: Chapter Two","Feb 9, 2017",4e+07,92029184,171539887,2017-02-09
"Ride Along 2","Jan 14, 2016",4e+07,90862685,124827316,2016-01-14
"Get Hard","Mar 26, 2015",4e+07,90411453,111811453,2015-03-26
"The Accountant","Oct 11, 2016",4e+07,86260045,155560045,2016-10-11
"Dumb and Dumber To","Nov 13, 2014",4e+07,86208010,156553592,2014-11-13
"The Other Woman","Apr 23, 2014",4e+07,83911193,194270103,2014-04-23
"The Intern","Sep 24, 2015",4e+07,75764672,197115710,2015-09-24
"Bridge of Spies","Oct 14, 2015",4e+07,72313754,162498338,2015-10-14
"Angel Has Fallen","Aug 22, 2019",4e+07,69030436,133345583,2019-08-22
"The House with a Clock in its Walls","Sep 19, 2018",4e+07,68549695,131457147,2018-09-19
"Hacksaw Ridge","Nov 3, 2016",4e+07,67209615,168423249,2016-11-03
"The Conjuring: The Devil Made Me Do It","Mar 7, 2021",4e+07,65631050,206431050,2021-03-07
"Unknown","Feb 18, 2011",4e+07,63686397,136123083,2011-02-18
"Get Him to the Greek","Jun 4, 2010",4e+07,61153526,92994927,2010-06-04
"The Lincoln Lawyer","Mar 18, 2011",4e+07,58009200,87145086,2011-03-18
"Escape From Planet Earth","Feb 15, 2013",4e+07,57012977,74156610,2013-02-15
"Horrible Bosses 2","Nov 26, 2014",4e+07,54445357,105945357,2014-11-26
"The Boys in the Boat","Dec 25, 2023",4e+07,52641306,55521574,2023-12-25
"Predators","Jul 9, 2010",4e+07,52000688,127234389,2010-07-09
"The Odd Life of Timothy Green","Aug 15, 2012",4e+07,51853450,55249159,2012-08-15
"Jersey Boys","Jun 18, 2014",4e+07,47047013,65282732,2014-06-18
"A Million Ways to Die in The West","May 28, 2014",4e+07,42720965,86778557,2014-05-28
"Final Destination 5","Aug 12, 2011",4e+07,42587643,155011165,2011-08-12
"Widows","Nov 6, 2018",4e+07,42402632,75984700,2018-11-06
"Sex Tape","Jul 16, 2014",4e+07,38543473,126069509,2014-07-16
"Scream 4","Apr 15, 2011",4e+07,38180928,95989590,2011-04-15
"Paul","Mar 18, 2011",4e+07,37412945,101162106,2011-03-18
"The Guilt Trip","Dec 19, 2012",4e+07,37134215,41742317,2012-12-19
"Colombiana","Aug 26, 2011",4e+07,36665854,72295262,2011-08-26
"The Commuter","Jan 11, 2018",4e+07,36343858,118509836,2018-01-11
"The Spy Who Dumped Me","Aug 1, 2018",4e+07,33562069,78998245,2018-08-01
"Arthur","Apr 8, 2011",4e+07,33035397,47787943,2011-04-08
"Patriots Day","Dec 21, 2016",4e+07,31886361,52837989,2016-12-21
"Extremely Loud and Incredibly Close","Dec 25, 2011",4e+07,31847881,55247881,2011-12-25
"Morning Glory","Nov 10, 2010",4e+07,31011732,59795070,2010-11-10
"Long Shot","May 1, 2019",4e+07,30316271,53624424,2019-05-01
"Grudge Match","Dec 25, 2013",4e+07,29817991,69817991,2013-12-25
"The Nut Job 2: Nutty by Nature","Aug 11, 2017",4e+07,28370522,72029658,2017-08-11
"Wrath of Man","Apr 22, 2021",4e+07,27466489,103913405,2021-04-22
"Resident Evil: The Final Chapter","Dec 23, 2016",4e+07,26844692,314101190,2016-12-23
"The House","Jun 30, 2017",4e+07,25584504,34284504,2017-06-30
"Season of the Witch","Jan 7, 2011",4e+07,24827228,91126600,2011-01-07
"Ambulance","Mar 16, 2022",4e+07,22781115,52181095,2022-03-16
"Snowden","Dec 30, 2015",4e+07,21587519,35380918,2015-12-30
"Mechanic: Resurrection","Aug 25, 2016",4e+07,21218403,125729635,2016-08-25
"The Happytime Murders","Aug 24, 2018",4e+07,20706452,27506412,2018-08-24
"Big Miracle","Feb 3, 2012",4e+07,20157300,25268680,2012-02-03
"The Impossible","Oct 11, 2012",4e+07,19019882,169590606,2012-10-11
"A Thousand Words","Mar 9, 2012",4e+07,18450127,20790486,2012-03-09
"The Fabelmans","Nov 11, 2022",4e+07,17348945,43271455,2022-11-11
"Licorice Pizza","Nov 26, 2021",4e+07,17318007,32903549,2021-11-26
"Detroit","Jul 28, 2017",4e+07,16790139,26033563,2017-07-28
"Hunter Killer","Oct 19, 2018",4e+07,15767460,29312121,2018-10-19
"Keeping Up with the Joneses","Oct 20, 2016",4e+07,14904426,28804426,2016-10-20
"Malignant","Sep 2, 2021",4e+07,13391791,34891791,2021-09-02
"The Gunman","Feb 19, 2015",4e+07,10664749,24478613,2015-02-19
"Paranoia","Aug 16, 2013",4e+07,7388654,16340767,2013-08-16
"Baahubali: The Beginning","Jul 9, 2015",4e+07,6738000,86233251,2015-07-09
"The Hurricane Heist","Mar 2, 2018",4e+07,6115824,33222314,2018-03-02
"Victor Frankenstein","Nov 25, 2015",4e+07,5775076,31124367,2015-11-25
"The Goldfinch","Sep 12, 2019",4e+07,5332621,10032621,2019-09-12
"Snowpiercer","Aug 1, 2013",4e+07,4563029,82825956,2013-08-01
"Billy Lynn’s Long Halftime Walk","Nov 9, 2016",4e+07,1738477,30230402,2016-11-09
"Frankenweenie","Oct 4, 2012",3.9e+07,35287788,81150788,2012-10-04
"Yi dai zong shi","Jan 8, 2013",38600000,6594959,57986660,2013-01-08
"The Nun II","Sep 6, 2023",3.8e+07,86270590,269670590,2023-09-06
"Captain Underpants: The First Epic Movie","Jun 2, 2017",3.8e+07,73921000,126422949,2017-06-02
"Paul Blart: Mall Cop 2","Apr 10, 2015",3.8e+07,71091594,107453907,2015-04-10
"Why Him?","Dec 21, 2016",3.8e+07,60323786,117425156,2016-12-21
"Water for Elephants","Apr 22, 2011",3.8e+07,58709717,116809717,2011-04-22
"Life as We Know It","Oct 8, 2010",3.8e+07,53374681,105887837,2010-10-08
"Riddick","Sep 5, 2013",3.8e+07,42025135,94763758,2013-09-05
"The 5th Wave","Jan 14, 2016",3.8e+07,34912982,111336398,2016-01-14
"Rush","Sep 13, 2013",3.8e+07,26947624,98159204,2013-09-13
"Overlord","Nov 3, 2018",3.8e+07,21704844,39178189,2018-11-03
"The War with Grandpa","Aug 28, 2020",3.8e+07,21277892,46819069,2020-08-28
"Only the Brave","Oct 20, 2017",3.8e+07,18340051,24555177,2017-10-20
"The Thing","Oct 14, 2011",3.8e+07,16999934,27573078,2011-10-14
"News of the World","Dec 25, 2020",3.8e+07,12668325,12668325,2020-12-25
"The Kitchen","Aug 9, 2019",3.8e+07,12180032,15980032,2019-08-09
"The Sisters Brothers","Sep 21, 2018",3.8e+07,3143056,14636067,2018-09-21
"The Upside","Jan 10, 2019",37500000,108235497,125818440,2019-01-10
"What to Expect When You’re Expecting","May 17, 2012",37500000,41152203,88473016,2012-05-17
"The Master","Sep 14, 2012",37500000,16247159,29044338,2012-09-14
"We’re the Millers","Aug 7, 2013",3.7e+07,150394119,267816276,2013-08-07
"Creed","Nov 25, 2015",3.7e+07,109767581,174167581,2015-11-25
"The Town","Sep 17, 2010",3.7e+07,92186262,152566881,2010-09-17
"Dolphin Tale","Sep 23, 2011",3.7e+07,72286779,96068724,2011-09-23
"Game Night","Feb 23, 2018",3.7e+07,69179066,117679066,2018-02-23
"Tyler Perry’s Temptation","Mar 29, 2013",3.7e+07,51975354,53143144,2013-03-29
"How to be Single","Feb 8, 2016",3.7e+07,46843513,112543513,2016-02-08
"Cop Out","Feb 26, 2010",3.7e+07,44875481,55909910,2010-02-26
"The Rite","Jan 28, 2011",3.7e+07,33047633,97143987,2011-01-28
"Aloha","May 27, 2015",3.7e+07,21052030,25387091,2015-05-27
"The Ghouls","Dec 17, 2015",3.7e+07,1243810,259425249,2015-12-17
"A Star is Born","Oct 5, 2018",3.6e+07,215288866,436388866,2018-10-05
"Gnomeo and Juliet","Feb 11, 2011",3.6e+07,99967670,193737977,2011-02-11
"Hot Tub Time Machine","Mar 26, 2010",3.6e+07,50269859,65967750,2010-03-26
"Dolphin Tale 2","Sep 12, 2014",3.6e+07,42024533,57824533,2014-09-12
"Beast","Aug 10, 2022",3.6e+07,31846530,59168339,2022-08-10
"Collateral Beauty","Dec 16, 2016",3.6e+07,31016021,88516021,2016-12-16
"Yip Man 3","Dec 24, 2015",3.6e+07,2679437,157300954,2015-12-24
"There Be Dragons","May 6, 2011",3.6e+07,1069334,4020990,2011-05-06
"It","Aug 31, 2017",3.5e+07,328828874,704128874,2017-08-31
"True Grit","Dec 22, 2010",3.5e+07,171243005,252276928,2010-12-22
"Identity Thief","Feb 7, 2013",3.5e+07,134506920,175361578,2013-02-07
"Horrible Bosses","Jul 8, 2011",3.5e+07,117538559,212417601,2011-07-08
"Trainwreck","Jul 17, 2015",3.5e+07,110225700,141136897,2015-07-17
"Saving Mr. Banks","Nov 29, 2013",3.5e+07,83299761,114962525,2013-11-29
"This is 40","Dec 20, 2012",3.5e+07,67544505,90221182,2012-12-20
"Cocaine Bear","Feb 22, 2023",3.5e+07,64670240,89966573,2023-02-22
"A Nightmare on Elm Street","Apr 30, 2010",3.5e+07,63075011,117729618,2010-04-30
"Secretariat","Oct 8, 2010",3.5e+07,59699513,60376247,2010-10-08
"Friends with Benefits","Jul 22, 2011",3.5e+07,55802754,146595891,2011-07-22
"Neighbors 2: Sorority Rising","May 5, 2016",3.5e+07,55340730,108757621,2016-05-05
"Sicario: Day of the Soldado","Jun 25, 2018",3.5e+07,50065850,76346094,2018-06-25
"Poltergeist","May 20, 2015",3.5e+07,47425125,95677702,2015-05-20
"Goosebumps 2: Haunted Halloween","Oct 10, 2018",3.5e+07,46697321,93006429,2018-10-10
"12 Strong","Jan 16, 2018",3.5e+07,45819713,71118378,2018-01-16
"Don’t Worry, Darling","Sep 20, 2022",3.5e+07,45309403,87609403,2022-09-20
"The Boogeyman","May 31, 2023",3.5e+07,43244282,82344833,2023-05-31
"Something Borrowed","May 6, 2011",3.5e+07,39046489,65084116,2011-05-06
"In Time","Oct 28, 2011",3.5e+07,37553932,165103952,2011-10-28
"The Back-up Plan","Apr 23, 2010",3.5e+07,37490007,75281179,2010-04-23
"J. Edgar","Nov 9, 2011",3.5e+07,37306030,84606030,2011-11-09
"Mile 22","Aug 17, 2018",3.5e+07,36108758,66295121,2018-08-17
"Hot Pursuit","May 8, 2015",3.5e+07,34580201,51680201,2015-05-08
"Poor Things","Dec 8, 2023",3.5e+07,34553225,111894450,2023-12-08
"Concussion","Dec 24, 2015",3.5e+07,34531832,50363790,2015-12-24
"The Foreigner","Sep 29, 2017",3.5e+07,34393507,145374099,2017-09-29
"Adrift","Jun 1, 2018",3.5e+07,31445011,57897191,2018-06-01
"Underworld: Blood Wars","Nov 25, 2016",3.5e+07,30353973,81209222,2016-11-25
"Nanny McPhee and the Big Bang","Aug 20, 2010",3.5e+07,29197642,97799865,2010-08-20
"Abduction","Sep 23, 2011",3.5e+07,28087155,86648359,2011-09-23
"Alex Cross","Oct 17, 2012",3.5e+07,25888412,35426759,2012-10-17
"Bridget Jones’s Baby","Sep 6, 2016",3.5e+07,24139805,207298383,2016-09-06
"Whiskey Tango Foxtrot","Mar 4, 2016",3.5e+07,23083334,25350747,2016-03-04
"Hitman: Agent 47","Aug 19, 2015",3.5e+07,22467450,82182803,2015-08-19
"Phantom Thread","Dec 25, 2017",3.5e+07,21198205,47454408,2017-12-25
"Premium Rush","Aug 23, 2012",3.5e+07,20275446,31393201,2012-08-23
"Broken City","Jan 18, 2013",3.5e+07,19701164,37114977,2013-01-18
"Furry Vengeance","Apr 30, 2010",3.5e+07,17630465,39340177,2010-04-30
"Parker","Jan 24, 2013",3.5e+07,17616641,48543388,2013-01-24
"The Tree of Life","May 27, 2011",3.5e+07,13305665,61721826,2011-05-27
"Playing for Keeps","Dec 7, 2012",3.5e+07,13103272,27805632,2012-12-07
"Sabotage","Mar 28, 2014",3.5e+07,10508518,18376443,2014-03-28
"Unfinished Business","Mar 5, 2015",3.5e+07,10219501,13214051,2015-03-05
"The Walk","Sep 30, 2015",3.5e+07,10161183,61492104,2015-09-30
"Mandela: Long Walk to Freedom","Nov 28, 2013",3.5e+07,8323085,29890402,2013-11-28
"Beau is Afraid","Apr 14, 2023",3.5e+07,8176562,11170712,2023-04-14
"The Brothers Grimsby","Feb 24, 2016",3.5e+07,6864016,28720470,2016-02-24
"The Snowman","Oct 11, 2017",3.5e+07,6670765,43033661,2017-10-11
"Biutiful","Jan 28, 2011",3.5e+07,5101237,24687524,2011-01-28
"A Hologram for the King","Apr 22, 2016",3.5e+07,4212494,11846010,2016-04-22
"Stolen","Sep 14, 2012",3.5e+07,289773,17967746,2012-09-14
"Trespass","Oct 14, 2011",3.5e+07,16816,786532,2011-10-14
"The Darkest Hour","Dec 25, 2011",34800000,21443494,64626786,2011-12-25
"Baby Driver","Jun 28, 2017",3.4e+07,107825862,227196033,2017-06-28
"The Maze Runner","Sep 11, 2014",3.4e+07,102427862,348319861,2014-09-11
"The Longest Ride","Apr 9, 2015",3.4e+07,37446117,63802928,2015-04-09
"The Darkest Minds","Aug 3, 2018",3.4e+07,12695691,38361428,2018-08-03
"Thunder and the House of Magic","May 22, 2014",3.4e+07,4091,62582520,2014-05-22
"Scream VI","Mar 8, 2023",3.3e+07,108391107,169063850,2023-03-08
"Mike and Dave Need Wedding Dates","Jul 7, 2016",3.3e+07,46009673,75898100,2016-07-07
"Step Up Revolution","Jul 26, 2012",3.3e+07,35074677,165552290,2012-07-26
"21 Bridges","Nov 22, 2019",3.3e+07,28539757,42657631,2019-11-22
"Unhinged","Jul 16, 2020",3.3e+07,20831465,37339104,2020-07-16
"Safe","Apr 27, 2012",3.3e+07,17142080,41495213,2012-04-27
"The Young and Prodigious T.S. Spivet","Jul 9, 2015",3.3e+07,176847,357687,2015-07-09
"Freaks of Nature","Oct 30, 2015",3.3e+07,70958,70958,2015-10-30
"Bridesmaids","May 13, 2011",32500000,169211718,289632023,2011-05-13
"The Big Wedding","Apr 25, 2013",32500000,21819348,48425971,2013-04-25
"Wanderlust","Feb 24, 2012",32500000,17288155,24159934,2012-02-24
"This is the End","Jun 12, 2013",3.2e+07,101470202,126539117,2013-06-12
"Takers","Aug 27, 2010",3.2e+07,57744720,70587268,2010-08-27
"Source Code","Apr 1, 2011",3.2e+07,54712227,140428499,2011-04-01
"I Feel Pretty","Apr 20, 2018",3.2e+07,48795601,91444095,2018-04-20
"Big Mommas: Like Father, Like Son","Feb 18, 2011",3.2e+07,37915414,82332450,2011-02-18
"Bombshell","Dec 13, 2019",3.2e+07,31762808,61404394,2019-12-13
"The Incredible Burt Wonderstone","Mar 14, 2013",3.2e+07,22537881,27392609,2013-03-14
"Bad Times at the El Royale","Sep 27, 2018",3.2e+07,17839115,31178942,2018-09-27
"Going the Distance","Sep 3, 2010",3.2e+07,17804299,43603990,2010-09-03
"Repo Men","Mar 19, 2010",3.2e+07,13942007,18195238,2010-03-19
"Big George Foreman: The Miraculous Story of the…","Apr 21, 2023",3.2e+07,5426772,5966398,2023-04-21
"Criminal","Aug 21, 2015",31500000,14708696,38771262,2015-08-21
"42","Apr 12, 2013",3.1e+07,95020213,97470701,2013-04-12
"Flight","Nov 2, 2012",3.1e+07,93772375,160558438,2012-11-02
"The Grand Budapest Hotel","Mar 5, 2014",3.1e+07,59076019,163037661,2014-03-05
"Vacation","Jul 29, 2015",3.1e+07,58884188,104884188,2015-07-29
"Isn’t it Romantic","Feb 13, 2019",3.1e+07,48791187,48791187,2019-02-13
"Extraordinary Measures","Jan 22, 2010",3.1e+07,12482741,15826984,2010-01-22
"Birth of the Dragon","Aug 25, 2017",3.1e+07,6901965,7220490,2017-08-25
"Crazy Rich Asians","Aug 15, 2018",3e+07,174532921,239032921,2018-08-15
"La La Land","Nov 30, 2016",3e+07,151101803,504618524,2016-11-30
"The Vow","Feb 9, 2012",3e+07,125014030,197618160,2012-02-09
"Lee Daniels’ The Butler","Aug 16, 2013",3e+07,116632095,177025498,2013-08-16
"Sisters","Dec 18, 2015",3e+07,87044645,106030660,2015-12-18
"The Hitman’s Bodyguard","Aug 18, 2017",3e+07,75468583,183415183,2017-08-18
"Looper","Sep 27, 2012",3e+07,66486205,170466405,2012-09-27
"Warm Bodies","Jan 31, 2013",3e+07,66380662,114834312,2013-01-31
"The Exorcist: Believer","Oct 4, 2023",3e+07,65537395,136998069,2023-10-04
"PAW Patrol: The Mighty Movie","Sep 21, 2023",3e+07,65343309,201739292,2023-09-21
"The Nut Job","Jan 17, 2014",3e+07,64251538,122529966,2014-01-17
"Hope Springs","Aug 8, 2012",3e+07,63536011,133085295,2012-08-08
"Midnight in Paris","May 20, 2011",3e+07,56816662,162051975,2011-05-20
"Darkest Hour","Nov 22, 2017",3e+07,56443120,150807630,2017-11-22
"Life of the Party","May 10, 2018",3e+07,53059911,65659911,2018-05-10
"Letters to Juliet","May 14, 2010",3e+07,53032453,82148538,2010-05-14
"Southpaw","Jul 22, 2015",3e+07,52421953,94156456,2015-07-22
"Atomic Blonde","Jul 27, 2017",3e+07,51573925,98345423,2017-07-27
"Sicario","Sep 17, 2015",3e+07,46889293,84264182,2015-09-17
"Den of Thieves","Jan 19, 2018",3e+07,44947622,80147166,2018-01-19
"The Three Stooges","Apr 13, 2012",3e+07,44338224,54052249,2012-04-13
"John Wick","Oct 24, 2014",3e+07,43037835,86085139,2014-10-24
"The Age of Adaline","Apr 16, 2015",3e+07,42629776,68984536,2015-04-16
"Step Up 3D","Aug 6, 2010",3e+07,42400223,165889117,2010-08-06
"The Cabin in the Woods","Apr 13, 2012",3e+07,42073277,70683134,2012-04-13
"Hanna","Apr 8, 2011",3e+07,40259119,65343694,2011-04-08
"The Menu","Nov 16, 2022",3e+07,38501125,79628200,2022-11-16
"The Family","Sep 13, 2013",3e+07,36918811,80588942,2013-09-13
"The 15:17 to Paris","Feb 9, 2018",3e+07,36276286,57176286,2018-02-09
"Larry Crowne","Jul 1, 2011",3e+07,35608245,61449135,2011-07-01
"Carrie","Oct 18, 2013",3e+07,35266619,82409520,2013-10-18
"Last Christmas","Nov 7, 2019",3e+07,35150750,123429381,2019-11-07
"Death Wish","Mar 2, 2018",3e+07,34017028,48575965,2018-03-02
"Love and Other Drugs","Nov 24, 2010",3e+07,32367005,102716321,2010-11-24
"Entourage","Jun 3, 2015",3e+07,32363404,49263404,2015-06-03
"Side Effects","Feb 8, 2013",3e+07,32172757,66742138,2013-02-08
"Deliver Us from Evil","Jul 2, 2014",3e+07,30577122,87956618,2014-07-02
"Get on Up","Aug 1, 2014",3e+07,30569935,33339868,2014-08-01
"Molly’s Game","Dec 22, 2017",3e+07,28780744,60258355,2017-12-22
"The Five-Year Engagement","Apr 27, 2012",3e+07,28700285,61623819,2012-04-27
"Winnie the Pooh","Apr 15, 2011",3e+07,26692846,50145607,2011-04-15
"White Boy Rick","Sep 14, 2018",3e+07,24004833,25947983,2018-09-14
"Sanctum","Feb 4, 2011",3e+07,23209310,108957098,2011-02-04
"Ballerina","Dec 16, 2016",3e+07,21858070,96451584,2016-12-16
"Shaft","Jun 14, 2019",3e+07,21360215,21360215,2019-06-14
"The Next Three Days","Nov 19, 2010",3e+07,21148651,67255916,2010-11-19
"Proud Mary","Jan 10, 2018",3e+07,20868638,21709539,2018-01-10
"Sleepless","Jan 11, 2017",3e+07,20783704,33296659,2017-01-11
"Are You There God? It’s Me, Margaret","Apr 28, 2023",3e+07,20372406,21581824,2023-04-28
"The Unbearable Weight of Massive Talent","Apr 1, 2022",3e+07,20300157,29116320,2022-04-01
"Nine Lives","Aug 5, 2016",3e+07,19700032,57814445,2016-08-05
"Runner Runner","Sep 26, 2013",3e+07,19316646,60512680,2013-09-26
"Baahubali 2: The Conclusion","Apr 28, 2017",3e+07,18985794,263502914,2017-04-28
"Fright Night","Aug 19, 2011",3e+07,18298649,40520649,2011-08-19
"mother!","Sep 15, 2017",3e+07,17800004,44516999,2017-09-15
"Steve Jobs","Oct 9, 2015",3e+07,17766658,35579007,2015-10-09
"Spirit Untamed","Mar 7, 2021",3e+07,17716215,42235744,2021-03-07
"Splice","Jun 4, 2010",3e+07,17010170,28542494,2010-06-04
"The Little Things","Jan 28, 2021",3e+07,15342746,30842746,2021-01-28
"Honest Thief","Oct 8, 2020",3e+07,14163574,32609631,2020-10-08
"Dumb Money","Sep 15, 2023",3e+07,13919484,17956910,2023-09-15
"About My Father","May 25, 2023",3e+07,12089391,17657217,2023-05-25
"The Last Stand","Jan 17, 2013",3e+07,12050299,48330757,2013-01-17
"Café Society","May 20, 2016",3e+07,11103205,44348292,2016-05-20
"Dead Man Down","Mar 7, 2013",3e+07,10895295,19599974,2013-03-07
"Hoodwinked Too: Hood vs. Evil","Apr 29, 2011",3e+07,10143779,23353111,2011-04-29
"The Lost City of Z","Mar 15, 2017",3e+07,8574339,19358084,2017-03-15
"The Space Between Us","Jan 4, 2017",3e+07,7885294,16481405,2017-01-04
"Anna","Jun 19, 2019",3e+07,7743794,32825217,2019-06-19
"Barney's Version","Jan 14, 2011",3e+07,7502560,8845575,2011-01-14
"The Current War: Director’s Cut","Jul 17, 2019",3e+07,5978673,12869755,2019-07-17
"Kin","Aug 29, 2018",3e+07,5718096,10383524,2018-08-29
"Johnny English Strikes Again","Sep 13, 2018",3e+07,4412170,159369278,2018-09-13
"Stronger","Sep 22, 2017",3e+07,4211129,8786287,2017-09-22
"Replicas","Oct 25, 2018",3e+07,4046429,9037427,2018-10-25
"Love and Monsters","Oct 16, 2020",3e+07,1070714,1131683,2020-10-16
"The Tax Collector","Aug 7, 2020",3e+07,1044212,1309971,2020-08-07
"Machine Gun Preacher","Sep 23, 2011",3e+07,538690,3721988,2011-09-23
"Bilal: A New Breed of Hero","May 26, 2017",3e+07,490973,648599,2017-05-26
"Le Petit Nicolas","Feb 19, 2010",3e+07,201857,52339566,2010-02-19
"Xinhai geming","Oct 7, 2011",3e+07,135739,8593154,2011-10-07
"Wild Card","Jan 16, 2015",3e+07,3200,4315789,2015-01-16
"United Passions","Jul 3, 2014",3e+07,918,168832,2014-07-03
"Collide","Aug 26, 2016",29200000,2280004,5466698,2016-08-26
"Pitch Perfect 2","May 7, 2015",2.9e+07,184296230,287215196,2015-05-07
"Night School","Sep 26, 2018",2.9e+07,77339130,104145633,2018-09-26
"The Boss","Apr 7, 2016",2.9e+07,63077560,78652207,2016-04-07
"Logan Lucky","Aug 18, 2017",2.9e+07,27778642,49046121,2017-08-18
"Florence Foster Jenkins","Apr 29, 2016",2.9e+07,27383770,56000339,2016-04-29
"Like a Boss","Jan 10, 2020",2.9e+07,22169514,26563888,2020-01-10
"Blacklight","Feb 10, 2022",2.9e+07,9591094,16017096,2022-02-10
"Voyagers","Apr 8, 2021",2.9e+07,3149935,4131781,2021-04-08
"Straight Outta Compton","Aug 14, 2015",2.8e+07,161197785,202182981,2015-08-14
"Girls Trip","Jul 20, 2017",2.8e+07,115108515,140886353,2017-07-20
"A Bad Moms Christmas","Nov 1, 2017",2.8e+07,72110659,127710550,2017-11-01
"Safe Haven","Feb 13, 2013",2.8e+07,71399120,94050951,2013-02-13
"The Big Short","Dec 11, 2015",2.8e+07,70259870,132624681,2015-12-11
"Scary Stories to Tell in the Dark","Aug 8, 2019",2.8e+07,68947075,104793708,2019-08-08
"Alexander and the Terrible, Horrible, No Good, …","Oct 10, 2014",2.8e+07,66954149,101379287,2014-10-10
"Last Vegas","Jan 28, 2013",2.8e+07,63914167,112914167,2013-01-28
"Tag","Jun 15, 2018",2.8e+07,54730625,78230625,2018-06-15
"Kick-Ass","Apr 16, 2010",2.8e+07,48071303,97531134,2010-04-16
"80 for Brady","Feb 3, 2023",2.8e+07,39448525,40384027,2023-02-03
"30 Minutes or Less","Aug 12, 2011",2.8e+07,37053924,41146935,2011-08-12
"3 Days to Kill","Feb 21, 2014",2.8e+07,30697999,38959900,2014-02-21
"Kick-Ass 2","Aug 16, 2013",2.8e+07,28795985,63129909,2013-08-16
"A Walk Among the Tombstones","Sep 19, 2014",2.8e+07,26017685,62108587,2014-09-19
"The Spy Next Door","Jan 15, 2010",2.8e+07,24307106,46752858,2010-01-15
"Brick Mansions","Apr 23, 2014",2.8e+07,20396829,73421224,2014-04-23
"Dear Evan Hansen","Sep 24, 2021",2.8e+07,15002646,17509859,2021-09-24
"American Ultra","Aug 19, 2015",2.8e+07,14439985,30295028,2015-08-19
"Pride and Prejudice and Zombies","Feb 4, 2016",2.8e+07,10907291,16638300,2016-02-04
"Our Brand is Crisis","Oct 30, 2015",2.8e+07,7002261,9002261,2015-10-30
"Joyful Noise","Jan 13, 2012",27500000,30932113,31157914,2012-01-13
"Anonymous","Oct 28, 2011",27500000,4463292,15815509,2011-10-28
"Limitless","Mar 18, 2011",2.7e+07,79249455,155564919,2011-03-18
"Annabelle Comes Home","Jun 26, 2019",2.7e+07,74152591,231252591,2019-06-26
"Money Monster","May 12, 2016",2.7e+07,41012075,93466095,2016-05-12
"Spy Kids: All the Time in the World","Aug 19, 2011",2.7e+07,38536376,80681183,2011-08-19
"Case 39","Oct 1, 2010",2.7e+07,13261851,28773827,2010-10-01
"Lucy in the Sky","Oct 4, 2019",2.7e+07,319976,325943,2019-10-04
"Rules Don’t Apply","Nov 23, 2016",26700000,3652206,3871448,2016-11-23
"New Year’s Eve","Dec 9, 2011",2.6e+07,54544638,146850273,2011-12-09
"Pain & Gain","Apr 24, 2013",2.6e+07,49875291,81275291,2013-04-24
"Legion","Jan 22, 2010",2.6e+07,40168080,67647574,2010-01-22
"PAW Patrol: The Movie","Aug 11, 2021",2.6e+07,40127371,151403419,2021-08-11
"Lawless","Aug 29, 2012",2.6e+07,37397291,54393687,2012-08-29
"The Best of Me","Oct 17, 2014",2.6e+07,26766213,41059418,2014-10-17
"Bad Santa 2","Nov 23, 2016",2.6e+07,17782176,23345113,2016-11-23
"The Raven","Apr 12, 2012",2.6e+07,16008272,30601801,2012-04-12
"Self/Less","Jun 8, 2015",2.6e+07,12279691,33667319,2015-06-08
"Motherless Brooklyn","Nov 1, 2019",2.6e+07,9277736,18577736,2019-11-01
"Judas and the Black Messiah","Feb 12, 2021",2.6e+07,5478009,7478009,2021-02-12
"The Fifth Estate","Oct 18, 2013",2.6e+07,3254172,6154172,2013-10-18
"Blood Ties","Oct 30, 2013",2.6e+07,42472,2923959,2013-10-30
"The Help","Aug 10, 2011",2.5e+07,169705587,213120004,2011-08-10
"Hidden Figures","Dec 25, 2016",2.5e+07,169607287,228369130,2016-12-25
"Ride Along","Jan 17, 2014",2.5e+07,134202565,153733800,2014-01-17
"Anyone But You","Dec 22, 2023",2.5e+07,88319668,218905781,2023-12-22
"Dear John","Feb 5, 2010",2.5e+07,80014842,142033509,2010-02-05
"Parental Guidance","Dec 25, 2012",2.5e+07,77267296,120832383,2012-12-25
"Everything Everywhere All At Once","Mar 25, 2022",2.5e+07,77169474,144986358,2022-03-25
"No Strings Attached","Jan 21, 2011",2.5e+07,70662220,149228078,2011-01-21
"Contraband","Jan 13, 2012",2.5e+07,66528000,98406855,2012-01-13
"A Dog’s Purpose","Jan 20, 2017",2.5e+07,64321890,203055427,2017-01-20
"Candyman","Aug 6, 2021",2.5e+07,61186570,77386663,2021-08-06
"The Lucky One","Apr 19, 2012",2.5e+07,60457138,96633833,2012-04-19
"Madea’s Big Happy Family","Apr 22, 2011",2.5e+07,53345287,54160818,2011-04-22
"Tyler Perry’s A Madea Christmas","Dec 13, 2013",2.5e+07,52543354,52543354,2013-12-13
"The Grey","Jan 27, 2012",2.5e+07,51580136,81249176,2012-01-27
"The Giver","Aug 15, 2014",2.5e+07,45090374,66540205,2014-08-15
"The Night Before","Nov 12, 2015",2.5e+07,43035725,52568099,2015-11-12
"August: Osage County","Dec 25, 2013",2.5e+07,37738810,50738810,2013-12-25
"Million Dollar Arm","May 16, 2014",2.5e+07,36447959,39217912,2014-05-16
"Just Mercy","Dec 25, 2019",2.5e+07,36001502,50901502,2019-12-25
"Peppermint","Sep 7, 2018",2.5e+07,35418723,51800758,2018-09-07
"The Gambler","Dec 10, 2014",2.5e+07,33680992,38718031,2014-12-10
"Mother’s Day","Apr 22, 2016",2.5e+07,32492859,52367022,2016-04-22
"Fist Fight","Feb 17, 2017",2.5e+07,32187017,41187017,2017-02-17
"Plane","Jan 12, 2023",2.5e+07,32111181,47855350,2023-01-12
"The Sitter","Dec 9, 2011",2.5e+07,30542576,38749404,2011-12-09
"Draft Day","Apr 11, 2014",2.5e+07,28842237,29847480,2014-04-11
"Rings","Feb 3, 2017",2.5e+07,27793018,82917283,2017-02-03
"American Underdog: The Kurt Warner Story","Dec 25, 2021",2.5e+07,26514814,26514814,2021-12-25
"Don’t Be Afraid of the Dark","Aug 26, 2011",2.5e+07,24046682,39126427,2011-08-26
"The Losers","Apr 23, 2010",2.5e+07,23591432,29863840,2010-04-23
"The Eagle","Feb 11, 2011",2.5e+07,19490041,38993548,2011-02-11
"Shaun the Sheep","Feb 6, 2015",2.5e+07,19375982,101850986,2015-02-06
"Shark Night 3D","Sep 2, 2011",2.5e+07,18877153,18877153,2011-09-02
"CHiPS","Mar 23, 2017",2.5e+07,18600152,26800152,2017-03-23
"Father Figures","Dec 22, 2017",2.5e+07,17501244,25701244,2017-12-22
"Masterminds","Sep 23, 2016",2.5e+07,17356894,30850666,2016-09-23
"Resident Evil: Welcome to Raccoon City","Nov 24, 2021",2.5e+07,17000612,41909091,2021-11-24
"The Counselor","Oct 25, 2013",2.5e+07,16973715,71009334,2013-10-25
"Mary Queen of Scots","Dec 7, 2018",2.5e+07,16648499,48481754,2018-12-07
"My Soul to Take","Oct 8, 2010",2.5e+07,14744435,16727470,2010-10-08
"Warrior","Sep 9, 2011",2.5e+07,13657115,24215385,2011-09-09
"Battle of the Sexes","Sep 22, 2017",2.5e+07,12638526,18445379,2017-09-22
"Cirque du Soleil: Worlds Away","Dec 21, 2012",2.5e+07,12512862,34153101,2012-12-21
"The 33","Aug 6, 2015",2.5e+07,12227722,28287489,2015-08-06
"The Conspirator","Apr 15, 2011",2.5e+07,11538204,15907411,2011-04-15
"Straw Dogs","Sep 16, 2011",2.5e+07,10324441,11253821,2011-09-16
"Serenity","Jan 24, 2019",2.5e+07,8547045,13008804,2019-01-24
"Beautiful Boy","Oct 12, 2018",2.5e+07,7634767,17326032,2018-10-12
"A Journal for Jordan","Dec 10, 2021",2.5e+07,6545174,6682685,2021-12-10
"Captive State","Mar 14, 2019",2.5e+07,5958315,9363210,2019-03-14
"Suburbicon","Oct 27, 2017",2.5e+07,5775178,15521619,2017-10-27
"Bill & Ted Face the Music","Aug 23, 2020",2.5e+07,3439660,6255630,2020-08-23
"Sgt. Stubby: An American Hero","Apr 13, 2018",2.5e+07,3054285,3823620,2018-04-13
"Carnage","Dec 16, 2011",2.5e+07,2546747,38112154,2011-12-16
"Tulip Fever","Aug 25, 2017",2.5e+07,2455635,6792768,2017-08-25
"Legend","Sep 11, 2015",2.5e+07,1872994,42280444,2015-09-11
"Jane Got a Gun","Dec 31, 2015",2.5e+07,1513793,3771345,2015-12-31
"All My Life","Oct 23, 2020",2.5e+07,913935,2024063,2020-10-23
"On the Road","May 23, 2012",2.5e+07,720828,9313302,2012-05-23
"Les petits mouchoirs","Aug 24, 2012",2.5e+07,205505,48530887,2012-08-24
"Love Ranch","Jun 30, 2010",2.5e+07,137885,146149,2010-06-30
"Yi ge ren de wu lin","Apr 24, 2015",2.5e+07,129115,129115,2015-04-24
"Dangerous Liaisons","Nov 9, 2012",24200000,17000,10447579,2012-11-09
"The Addams Family","Oct 11, 2019",2.4e+07,97864733,200588546,2019-10-11
"Where the Crawdads Sing","Jul 15, 2022",2.4e+07,90230760,144353965,2022-07-15
"Scream","Jan 12, 2022",2.4e+07,81641405,138874789,2022-01-12
"Think Like a Man Too","Jun 18, 2014",2.4e+07,65028687,70027933,2014-06-18
"Fences","Dec 16, 2016",2.4e+07,57682904,64282881,2016-12-16
"Footloose","Oct 14, 2011",2.4e+07,51802742,62989834,2011-10-14
"Going in Style","Apr 5, 2017",2.4e+07,45018541,85218541,2017-04-05
"Piranha 3D","Aug 20, 2010",2.4e+07,25003155,83660160,2010-08-20
"Faster","Nov 24, 2010",2.4e+07,23240020,35792945,2010-11-24
"Foxcatcher","Nov 14, 2014",2.4e+07,12096300,19303058,2014-11-14
"I Don't Know How She Does It","Sep 16, 2011",2.4e+07,9659074,24474463,2011-09-16
"Dhoom 3","Dec 19, 2013",2.4e+07,8031955,70224912,2013-12-19
"Green Book","Nov 16, 2018",2.3e+07,85080171,319995019,2018-11-16
"The Wedding Ringer","Jan 16, 2015",2.3e+07,64460211,80171596,2015-01-16
"The Ides of March","Oct 7, 2011",2.3e+07,40962534,77735925,2011-10-07
"The Hate U Give","Oct 5, 2018",2.3e+07,29719483,35067665,2018-10-05
"Her","Jan 10, 2014",2.3e+07,25568251,48038809,2014-01-10
"Marry Me","Feb 9, 2022",2.3e+07,22438180,48774993,2022-02-09
"Arrietty (借りぐらしのアリエッティ)","Jan 12, 2012",2.3e+07,19192510,151496097,2012-01-12
"Haywire","Jan 20, 2012",2.3e+07,18942396,36374700,2012-01-20
"Eddie the Eagle","Feb 26, 2016",2.3e+07,15789389,45032437,2016-02-26
"The Marksman","Jan 15, 2021",2.3e+07,15566093,23855847,2021-01-15
"The Way Back","Mar 5, 2020",2.3e+07,13590514,15490514,2020-03-05
"Redemption","Jun 28, 2013",2.3e+07,36686,13593473,2013-06-28
"Nocturnal Animals","Nov 4, 2016",22500000,10663357,32398681,2016-11-04
"The Water Diviner","Dec 26, 2014",22500000,4200117,35400117,2014-12-26
"The Nun","Jul 27, 2018",2.2e+07,117450119,366050119,2018-07-27
"Son of God","Feb 28, 2014",2.2e+07,59700064,70949793,2014-02-28
"The Hundred-Foot Journey","Aug 8, 2014",2.2e+07,54235441,94270488,2014-08-08
"Diary of a Wimpy Kid: Dog Days","Aug 3, 2012",2.2e+07,49008662,77229695,2012-08-03
"The Gentlemen","Dec 27, 2019",2.2e+07,36471796,113152222,2019-12-27
"Delivery Man","Nov 21, 2013",2.2e+07,30659817,55616322,2013-11-21
"Hail, Caesar!","Feb 5, 2016",2.2e+07,30080225,64220196,2016-02-05
"Diary of a Wimpy Kid: The Long Haul","May 19, 2017",2.2e+07,20738724,35609577,2017-05-19
"Homefront","Nov 27, 2013",2.2e+07,20158492,51695362,2013-11-27
"The Transporter Refueled","Sep 2, 2015",2.2e+07,16029670,69698495,2015-09-02
"Hit & Run","Aug 22, 2012",2.2e+07,13749300,17216955,2012-08-22
"Roman J. Israel, Esq.","Nov 17, 2017",2.2e+07,11962712,12967012,2017-11-17
"Bros","Sep 30, 2022",2.2e+07,11628165,14831797,2022-09-30
"Out of the Furnace","Dec 4, 2013",2.2e+07,11330849,15434375,2013-12-04
"Just Getting Started","Dec 8, 2017",2.2e+07,6069605,6756412,2017-12-08
"Before I Go to Sleep","Oct 31, 2014",2.2e+07,3242457,19563579,2014-10-31
"Stone","Oct 8, 2010",2.2e+07,1810078,4065020,2010-10-08
"To Rome with Love","Apr 20, 2012",21500000,16684352,74290305,2012-04-20
"Silver Linings Playbook","Nov 16, 2012",2.1e+07,132092958,236412453,2012-11-16
"Blockers","Mar 29, 2018",2.1e+07,60311495,94523781,2018-03-29
"Pet Sematary","Apr 5, 2019",2.1e+07,54724696,111809732,2019-04-05
"Death at a Funeral","Apr 16, 2010",2.1e+07,42739347,48977233,2010-04-16
"For Colored Girls","Nov 5, 2010",2.1e+07,37729698,38017873,2010-11-05
"The Hustle","May 8, 2019",2.1e+07,35417038,97389568,2019-05-08
"Kidnap","Aug 4, 2017",2.1e+07,30718107,34836080,2017-08-04
"Tinker Tailor Soldier Spy","Dec 9, 2011",2.1e+07,24149393,81428388,2011-12-09
"Victoria and Abdul","Sep 13, 2017",2.1e+07,22245070,68271146,2017-09-13
"The Beaver","May 6, 2011",2.1e+07,970816,5046038,2011-05-06
"Bitter Harvest","Feb 24, 2017",2.1e+07,557241,606162,2017-02-24
"Hustlers","Sep 12, 2019",20700000,104963598,150467919,2019-09-12
"The Conjuring","Jul 18, 2013",2e+07,137400141,316143649,2013-07-18
"Five Nights at Freddy’s","Oct 25, 2023",2e+07,137275620,297242145,2023-10-25
"Wonder","Oct 17, 2017",2e+07,132422809,310179620,2017-10-17
"Jackass 3D","Oct 15, 2010",2e+07,117229692,171471521,2010-10-15
"Bad Moms","Jul 29, 2016",2e+07,113257297,180485601,2016-07-29
"Glass","Jan 17, 2019",2e+07,111048468,246999039,2019-01-17
"Halloween Kills","Oct 14, 2021",2e+07,92002155,130851162,2021-10-14
"Tammy","Jul 2, 2014",2e+07,84525432,96407655,2014-07-02
"Good Boys","Aug 14, 2019",2e+07,83140306,111174248,2019-08-14
"The Descendants","Nov 16, 2011",2e+07,82624961,175507800,2011-11-16
"Tyler Perry’s A Madea Family Funeral","Feb 27, 2019",2e+07,73257045,74821047,2019-02-27
"Tyler Perry’s Boo! A Madea Halloween","Oct 21, 2016",2e+07,73206343,73206343,2016-10-21
"Tyler Perry’s Madea’s Witness Protection","Jun 29, 2012",2e+07,65653242,66950887,2012-06-29
"Halloween Ends","Oct 12, 2022",2e+07,64079860,105400796,2022-10-12
"The Last Song","Mar 31, 2010",2e+07,62950384,92678948,2010-03-31
"Why Did I Get Married Too?","Apr 2, 2010",2e+07,60095852,60831067,2010-04-02
"The Shack","Mar 3, 2017",2e+07,57386418,96860808,2017-03-03
"12 Years a Slave","Oct 18, 2013",2e+07,56671993,180765061,2013-10-18
"Me Before You","Jun 1, 2016",2e+07,56245075,208445075,2016-06-01
"What Men Want","Feb 8, 2019",2e+07,54611903,69911903,2019-02-08
"Barbershop: The Next Cut","Apr 15, 2016",2e+07,54030051,55630051,2016-04-15
"A Simple Favor","Sep 12, 2018",2e+07,53548586,97628717,2018-09-12
"Selma","Jan 9, 2015",2e+07,52076908,66670998,2015-01-09
"Violent Night","Nov 30, 2022",2e+07,50057405,76599977,2022-11-30
"Tyler Perry’s Boo 2! A Madea Halloween","Oct 20, 2017",2e+07,47319572,47879572,2017-10-20
"Spotlight","Nov 6, 2015",2e+07,45055776,91902438,2015-11-06
"Queen & Slim","Nov 27, 2019",2e+07,43808310,48266163,2019-11-27
"Acrimony","Mar 29, 2018",2e+07,43549096,46627836,2018-03-29
"Max","Jun 25, 2015",2e+07,42656255,43956255,2015-06-25
"The Star","Nov 15, 2017",2e+07,40847995,62592138,2017-11-15
"Nerve","Jul 27, 2016",2e+07,38583626,85583945,2016-07-27
"Risen","Feb 18, 2016",2e+07,36880033,46244066,2016-02-18
"Vampires Suck","Aug 18, 2010",2e+07,36661504,81424988,2010-08-18
"The American","Sep 1, 2010",2e+07,35606376,67950723,2010-09-01
"Knock at the Cabin","Feb 1, 2023",2e+07,35397980,54712735,2023-02-01
"A Very Harold & Kumar 3D Christmas","Nov 4, 2011",2e+07,35061031,36265745,2011-11-04
"Texas Chainsaw 3D","Jan 4, 2013",2e+07,34341945,47666013,2013-01-04
"This is Where I Leave You","Sep 19, 2014",2e+07,34296320,41296320,2014-09-19
"Scary Movie V","Apr 11, 2013",2e+07,32015787,78613981,2013-04-11
"She\'s Out of My League","Mar 12, 2010",2e+07,32010860,48680977,2010-03-12
"The Debt","Aug 31, 2011",2e+07,31177548,46604054,2011-08-31
"Daybreakers","Jan 8, 2010",2e+07,30101577,51445503,2010-01-08
"The World’s End","Jul 18, 2013",2e+07,26004851,47124638,2013-07-18
"You Again","Sep 24, 2010",2e+07,25702053,32838945,2010-09-24
"Alpha and Omega","Sep 17, 2010",2e+07,25107267,48958353,2010-09-17
"On the Basis of Sex","Nov 23, 2018",2e+07,24704837,38780888,2018-11-23
"Endless Love","Feb 14, 2014",2e+07,23438250,34718173,2014-02-14
"Spiral","May 12, 2021",2e+07,23216862,39519588,2021-05-12
"Monte Carlo","Jul 1, 2011",2e+07,23186769,39686769,2011-07-01
"Rough Night","Jun 14, 2017",2e+07,22105643,46844357,2017-06-14
"Priscilla","Oct 27, 2023",2e+07,20864910,30977065,2023-10-27
"Secret in Their Eyes","Nov 12, 2015",2e+07,20180155,32608019,2015-11-12
"Operation Finale","Aug 29, 2018",2e+07,17612099,17612099,2018-08-29
"Silent Hill: Revelation 3D","Oct 26, 2012",2e+07,17530219,55975672,2012-10-26
"The Zookeeper’s Wife","Mar 24, 2017",2e+07,17445186,26308749,2017-03-24
"Flatliners","Sep 27, 2017",2e+07,16883115,45173738,2017-09-27
"Lockout","Apr 13, 2012",2e+07,14326865,33943049,2012-04-13
"What's Your Number?","Sep 30, 2011",2e+07,14011084,30163785,2011-09-30
"Burnt","Oct 22, 2015",2e+07,13651946,36766293,2015-10-22
"Triple 9","Feb 19, 2016",2e+07,12639297,25943792,2016-02-19
"The Light Between Oceans","Sep 2, 2016",2e+07,12545979,22281732,2016-09-02
"Let Me In","Oct 1, 2010",2e+07,12134935,28270399,2010-10-01
"The Banshees of Inisherin","Oct 21, 2022",2e+07,10582266,52344724,2022-10-21
"The Machine","May 25, 2023",2e+07,10458331,10656936,2023-05-25
"Popstar: Never Stop Never Stopping","Jun 3, 2016",2e+07,9496130,9537120,2016-06-03
"Thank You for Your Service","Oct 27, 2017",2e+07,9479390,9985316,2017-10-27
"Where’d You Go Bernadette","Aug 16, 2019",2e+07,9198356,12089658,2019-08-16
"Battle of the Year","Sep 20, 2013",2e+07,8888355,16723377,2013-09-20
"Ratchet and Clank","Apr 15, 2016",2e+07,8813410,14365639,2016-04-15
"Inherent Vice","Dec 12, 2014",2e+07,8110975,14806831,2014-12-12
"Machete Kills","Oct 11, 2013",2e+07,8008161,18273009,2013-10-11
"Little Boy","Apr 24, 2015",2e+07,6485961,17769299,2015-04-24
"Chasing Mavericks","Oct 25, 2012",2e+07,6002756,8300821,2012-10-25
"A Most Violent Year","Dec 31, 2014",2e+07,5749134,8869722,2014-12-31
"A Dangerous Method","Nov 23, 2011",2e+07,5702083,14807531,2011-11-23
"Hands of Stone","Aug 26, 2016",2e+07,4712792,5031975,2016-08-26
"Tolkien","May 3, 2019",2e+07,4535154,8969227,2019-05-03
"The Cold Light of Day","Apr 4, 2012",2e+07,3763583,25361206,2012-04-04
"The Last Full Measure","Jan 24, 2020",2e+07,2949212,3321111,2020-01-24
"Suspiria","Oct 12, 2018",2e+07,2483472,8075307,2018-10-12
"LBJ","Nov 3, 2017",2e+07,2468683,2507181,2017-11-03
"My All-American","Nov 13, 2015",2e+07,2246000,2246000,2015-11-13
"Dylan Dog: Dead of Night","Apr 29, 2011",2e+07,1186538,6093725,2011-04-29
"The Oogieloves in the BIG Balloon Adventure","Aug 29, 2012",2e+07,1065907,1065907,2012-08-29
"Middle Men","Aug 6, 2010",2e+07,754301,754301,2010-08-06
"Jìyì dàshī","Apr 24, 2017",2e+07,587470,43888531,2017-04-24
"All Good Things","Dec 3, 2010",2e+07,582024,873617,2010-12-03
"By the Sea","Nov 12, 2015",2e+07,538460,3727746,2015-11-12
"Un sac de billes","Jan 20, 2017",2e+07,409862,14362043,2017-01-20
"The Tempest","Dec 10, 2010",2e+07,277943,277943,2010-12-10
"Regression","Oct 1, 2015",2e+07,55039,15824374,2015-10-01
"The Shape of Water","Dec 1, 2017",19500000,63859435,195790794,2017-12-01
"De rouille et d’os","Nov 23, 2012",19500000,2061449,29393634,2012-11-23
"The Devil's Double","Jul 29, 2011",19100000,1361512,5965646,2011-07-29
"Bad Teacher","Jun 24, 2011",1.9e+07,100292856,215448997,2011-06-24
"Sausage Party","Aug 10, 2016",1.9e+07,97670358,141344255,2016-08-10
"The Crazies","Feb 26, 2010",1.9e+07,39123589,56445534,2010-02-26
"Nobody’s Fool","Nov 2, 2018",1.9e+07,31713110,32589493,2018-11-02
"The Switch","Aug 20, 2010",1.9e+07,27758465,49858465,2010-08-20
"Leap Year","Jan 8, 2010",1.9e+07,25918920,32618920,2010-01-08
"The Book Thief","Nov 8, 2013",1.9e+07,21488481,76086711,2013-11-08
"Gone","Feb 24, 2012",1.9e+07,11682205,18100189,2012-02-24
"Take Me Home Tonight","Mar 4, 2011",1.9e+07,6928068,7576604,2011-03-04
"Won't Back Down","Sep 28, 2012",1.9e+07,5310554,5745503,2012-09-28
"Action Point","Jun 1, 2018",1.9e+07,5059608,5103675,2018-06-01
"George Balanchine\'s The Nutcracker","Dec 13, 2011",1.9e+07,2119994,2119994,2011-12-13
"The Hunt","Mar 12, 2020",18200000,5812500,12400979,2020-03-12
"Neighbors","May 9, 2014",1.8e+07,150086800,270944428,2014-05-09
"The Black Phone","Jun 22, 2022",1.8e+07,90123230,161441914,2022-06-22
"My Big Fat Greek Wedding 2","Mar 23, 2016",1.8e+07,59689605,92096558,2016-03-23
"The Perfect Guy","Sep 9, 2015",1.8e+07,57027435,60278166,2015-09-09
"Diary of a Wimpy Kid: Rodrick Rules","Mar 25, 2011",1.8e+07,52698535,73695194,2011-03-25
"Old","Jul 21, 2021",1.8e+07,48276510,89836797,2021-07-21
"The Forever Purge","Jul 1, 2021",1.8e+07,44539245,76950525,2021-07-01
"Soul Surfer","Apr 8, 2011",1.8e+07,43853424,47135489,2011-04-08
"Uncle Drew","Jun 27, 2018",1.8e+07,42469946,46594261,2018-06-27
"Birdman or (The Unexpected Virtue of Ignorance)","Oct 17, 2014",1.8e+07,42340598,102544383,2014-10-17
"Blue Jasmine","Jul 26, 2013",1.8e+07,33404871,102912961,2013-07-26
"Ricki and the Flash","Aug 7, 2015",1.8e+07,26839498,41166033,2015-08-07
"The Art of Racing in the Rain","Aug 9, 2019",1.8e+07,26402818,33773963,2019-08-09
"Love the Coopers","Nov 12, 2015",1.8e+07,26302731,44263413,2015-11-12
"The Circle","Apr 28, 2017",1.8e+07,20497844,45497689,2017-04-28
"The Pope’s Exorcist","Apr 5, 2023",1.8e+07,20009380,72913467,2023-04-05
"127 Hours","Nov 5, 2010",1.8e+07,18335230,60217171,2010-11-05
"Norm of the North","Jan 14, 2016",1.8e+07,17062499,30535660,2016-01-14
"Jobs","Aug 16, 2013",1.8e+07,16131410,43402515,2013-08-16
"Youth in Revolt","Jan 8, 2010",1.8e+07,15285588,19685588,2010-01-08
"And So It Goes","Jul 10, 2014",1.8e+07,15160801,17920013,2014-07-10
"Labor Day","Jan 31, 2014",1.8e+07,13371528,14189810,2014-01-31
"Getaway","Aug 30, 2013",1.8e+07,10501938,11813989,2013-08-30
"The Last Station","Jan 15, 2010",1.8e+07,6617867,15696146,2010-01-15
"Mao's Last Dancer","Aug 20, 2010",1.8e+07,4806750,25941437,2010-08-20
"The Railway Man","Apr 11, 2014",1.8e+07,4438438,23910210,2014-04-11
"Midnight Special","Feb 18, 2016",1.8e+07,3712282,7680250,2016-02-18
"Miss Sloane","Nov 25, 2016",1.8e+07,3500605,7768259,2016-11-25
"Metallica Through the Never","Sep 27, 2013",1.8e+07,3419967,9082906,2013-09-27
"T2: Trainspotting","Jan 27, 2017",1.8e+07,2402004,42130116,2017-01-27
"Phantom","Mar 1, 2013",1.8e+07,1034589,1199510,2013-03-01
"Carlos","Oct 15, 2010",1.8e+07,145526,1619153,2010-10-15
"Baekdusan","Dec 19, 2019",17700000,372562,59505509,2019-12-19
"Red Lights","Jul 13, 2012",17700000,49521,14518884,2012-07-13
"Black Nativity","Nov 27, 2013",17500000,7018188,7454184,2013-11-27
"Hotel Mumbai","Feb 22, 2019",17300000,9619500,21132855,2019-02-22
"A Quiet Place","Apr 4, 2018",1.7e+07,188024361,334876670,2018-04-04
"Smile","Sep 28, 2022",1.7e+07,105935048,217038821,2022-09-28
"Let’s Be Cops","Aug 13, 2014",1.7e+07,82390774,136890774,2014-08-13
"The Best Man Holiday","Nov 15, 2013",1.7e+07,70525195,72835710,2013-11-15
"Pitch Perfect","Sep 28, 2012",1.7e+07,65001093,116044347,2012-09-28
"Evil Dead","Apr 3, 2013",1.7e+07,54239856,99010045,2013-04-03
"Saw 3D","Oct 29, 2010",1.7e+07,45710178,133735284,2010-10-29
"McFarland, USA","Feb 20, 2015",1.7e+07,44480275,45707924,2015-02-20
"Harriet","Nov 1, 2019",1.7e+07,43082155,44035587,2019-11-01
"Almost Christmas","Nov 11, 2016",1.7e+07,42065185,42493506,2016-11-11
"Crawl","Jul 11, 2019",1.7e+07,39014193,91720490,2019-07-11
"Beastly","Mar 4, 2011",1.7e+07,27865571,38028230,2011-03-04
"Brooklyn’s Finest","Mar 5, 2010",1.7e+07,27163593,39233233,2010-03-05
"Lottery Ticket","Aug 20, 2010",1.7e+07,24719879,24719879,2010-08-20
"Easter Sunday","Aug 4, 2022",1.7e+07,13013690,13021859,2022-08-04
"The Apparition","Aug 23, 2012",1.7e+07,4936819,10637281,2012-08-23
"L’illusionniste","Dec 25, 2010",1.7e+07,2231474,8609949,2010-12-25
"Genius","Jun 10, 2016",1.7e+07,1361045,7265283,2016-06-10
"Nancy Drew and the Hidden Staircase","Mar 15, 2019",1.7e+07,623088,624549,2019-03-15
"Escobar: Paradise Lost","Jan 16, 2015",1.7e+07,195792,3917679,2015-01-16
"The Young Messiah","Mar 10, 2016",16800000,6469813,7313697,2016-03-10
"Insidious: The Red Door","Jul 5, 2023",1.6e+07,82156962,186258928,2023-07-05
"Moonrise Kingdom","May 16, 2012",1.6e+07,45512466,68848446,2012-05-16
"The Artist","Oct 12, 2011",1.6e+07,44667095,128100584,2011-10-12
"The Roommate","Feb 4, 2011",1.6e+07,37300107,52545707,2011-02-04
"Nobody","Mar 19, 2021",1.6e+07,27568035,57512470,2021-03-19
"A Dog’s Journey","May 3, 2019",1.6e+07,22782371,78867205,2019-05-03
"Stuber","Jul 11, 2019",1.6e+07,22370452,32390945,2019-07-11
"Superfly","Jun 13, 2018",1.6e+07,20537137,20739323,2018-06-13
"Remember Me","Mar 12, 2010",1.6e+07,19068240,56506120,2010-03-12
"Left Behind","Oct 3, 2014",1.6e+07,14019924,20769209,2014-10-03
"People Like Us","Jun 29, 2012",1.6e+07,12431792,12617472,2012-06-29
"Bleed for This","Nov 18, 2016",1.6e+07,5083906,7171320,2016-11-18
"The Homesman","Jun 4, 2014",1.6e+07,2429989,8217571,2014-06-04
"Trance","Mar 27, 2013",1.6e+07,2322593,22594052,2013-03-27
"The Immigrant","May 16, 2014",1.6e+07,2013456,7585011,2014-05-16
"Peninsula","Jul 15, 2020",1.6e+07,1224525,35091523,2020-07-15
"Men, Women and Children","Oct 1, 2014",1.6e+07,705908,1685403,2014-10-01
"Teen Spirit","Apr 12, 2019",1.6e+07,441366,1573603,2019-04-12
"Enter the Void","Sep 24, 2010",1.6e+07,337997,1466325,2010-09-24
"Vamps","Nov 2, 2012",1.6e+07,3361,94812,2012-11-02
"The Iron Claw","Dec 21, 2023",15900000,35611828,46140822,2023-12-21
"The Old Man and the Gun","Sep 28, 2018",15800000,11277120,16955673,2018-09-28
"Demon Slayer: Kimetsu no Yaiba—The Movie: Mugen…","Oct 16, 2020",15750000,50272044,512704063,2020-10-16
"Second Act","Dec 7, 2018",15700000,39282227,72294066,2018-12-07
"Triangle of Sadness","Jul 28, 2022",15600000,4608096,32890983,2022-07-28
"The Personal History of David Copperfield","Jan 24, 2020",15600000,1876298,14630654,2020-01-24
"The Yellow Handkerchief","Feb 26, 2010",15500000,318623,318623,2010-02-26
"Far from the Madding Crowd","May 1, 2015",15495600,12236500,29721410,2015-05-01
"TAYLOR SWIFT | THE ERAS TOUR","Oct 13, 2023",1.5e+07,180760722,261413059,2023-10-13
"The King’s Speech","Nov 26, 2010",1.5e+07,138797449,430061213,2010-11-26
"Annabelle: Creation","Aug 2, 2017",1.5e+07,102092201,306592201,2017-08-02
"Jackass Presents: Bad Grandpa","Oct 23, 2013",1.5e+07,102003019,160903019,2013-10-23
"The Imitation Game","Nov 14, 2014",1.5e+07,91125143,227328585,2014-11-14
"10 Cloverfield Lane","Jan 4, 2016",1.5e+07,72082999,108286422,2016-01-04
"Mama","Jan 17, 2013",1.5e+07,71628180,148095566,2013-01-17
"Evil Dead Rise","Apr 19, 2023",1.5e+07,67356372,147256372,2023-04-19
"Diary of a Wimpy Kid","Mar 19, 2010",1.5e+07,64003625,76954311,2010-03-19
"Dog","Feb 18, 2022",1.5e+07,61778069,84543632,2022-02-18
"Godzilla Minus One (ゴジラ最新作)","Nov 3, 2023",1.5e+07,57144669,105089318,2023-11-03
"The Woman in Black","Feb 3, 2012",1.5e+07,54333290,128955898,2012-02-03
"Jesus Revolution","Feb 24, 2023",1.5e+07,52102987,53380981,2023-02-24
"BlacKkKlansman","Aug 9, 2018",1.5e+07,49275340,93411426,2018-08-09
"Snitch","Feb 21, 2013",1.5e+07,42930462,57907734,2013-02-21
"Krampus","Dec 2, 2015",1.5e+07,42725475,61788620,2015-12-02
"End of Watch","Sep 20, 2012",1.5e+07,41003371,57586606,2012-09-20
"Wild","Dec 3, 2014",1.5e+07,37880356,52460543,2014-12-03
"The Theory of Everything","Nov 7, 2014",1.5e+07,35893537,123327692,2014-11-07
"Drive","Sep 16, 2011",1.5e+07,35060689,81357930,2011-09-16
"The Favourite","Nov 23, 2018",1.5e+07,34366783,95829459,2018-11-23
"Don’t Breathe 2","Aug 12, 2021",1.5e+07,32638038,47201347,2021-08-12
"Thanksgiving","Nov 16, 2023",1.5e+07,31945385,46044880,2023-11-16
"When the Game Stands Tall","Aug 22, 2014",1.5e+07,30127963,30138912,2014-08-22
"Home Again","Sep 8, 2017",1.5e+07,27020284,37336874,2017-09-08
"Ramona and Beezus","Jul 23, 2010",1.5e+07,26167002,27469621,2010-07-23
"Escape Room: Tournament of Champions","Jul 1, 2021",1.5e+07,25314753,53493064,2021-07-01
"The November Man","Aug 27, 2014",1.5e+07,25018119,34820335,2014-08-27
"The Place Beyond the Pines","Mar 20, 2013",1.5e+07,21403519,47011449,2013-03-20
"Keanu","Apr 29, 2016",1.5e+07,20591853,20749853,2016-04-29
"The Photograph","Feb 14, 2020",1.5e+07,20578185,20704381,2020-02-14
"Country Strong","Dec 22, 2010",1.5e+07,20218921,20601987,2010-12-22
"A Most Wanted Man","Jul 25, 2014",1.5e+07,17237855,36068890,2014-07-25
"The Green Knight","Jul 30, 2021",1.5e+07,17173321,20022491,2021-07-30
"The Man with the Iron Fists","Nov 2, 2012",1.5e+07,15634090,22018988,2012-11-02
"Miss Bala","Jan 30, 2019",1.5e+07,14998027,15364632,2019-01-30
"Killing Them Softly","Sep 21, 2012",1.5e+07,14945541,39238443,2012-09-21
"One Day","Jun 23, 2011",1.5e+07,13843771,59168692,2011-06-23
"The Founder","Nov 25, 2016",1.5e+07,12786053,24235774,2016-11-25
"Blinded by the Light","Aug 9, 2019",1.5e+07,11901145,19529914,2019-08-09
"The Danish Girl","Nov 27, 2015",1.5e+07,11114018,67514963,2015-11-27
"Queen of Katwe","Sep 23, 2016",1.5e+07,8874389,10055481,2016-09-23
"Trumbo","Nov 6, 2015",1.5e+07,7857741,13300181,2015-11-06
"Promised Land","Jan 4, 2013",1.5e+07,7597898,12394562,2013-01-04
"Hotel Artemis","Jun 7, 2018",1.5e+07,6708137,13316627,2018-06-07
"The Company Men","Jan 21, 2011",1.5e+07,4444612,4569967,2011-01-21
"Scouts Guide to the Zombie Apocalypse","Oct 29, 2015",1.5e+07,3703046,15554855,2015-10-29
"You Will Meet a Tall Dark Stranger","Sep 22, 2010",1.5e+07,3247816,38535748,2010-09-22
"Rock the Kasbah","Oct 23, 2015",1.5e+07,3020665,3495776,2015-10-23
"Chi-raq","Dec 4, 2015",1.5e+07,2653031,2733397,2015-12-04
"Never Let Me Go","Sep 15, 2010",1.5e+07,2434652,11173718,2010-09-15
"The Disappointments Room","Sep 9, 2016",1.5e+07,2423467,3503761,2016-09-09
"Armageddon Time","Sep 14, 2022",1.5e+07,1872625,6568084,2022-09-14
"The Comedian","Feb 3, 2017",1.5e+07,1658706,1713576,2017-02-03
"The Assassin (刺客聶隱娘)","Aug 27, 2015",1.5e+07,632542,11279884,2015-08-27
"The Reluctant Fundamentalist","Apr 26, 2013",1.5e+07,528731,528731,2013-04-26
"Centurion","Aug 27, 2010",1.5e+07,123570,7885048,2010-08-27
"Winnie Mandela","Sep 6, 2013",1.5e+07,61847,61847,2013-09-06
"The Son of No One","Nov 4, 2011",1.5e+07,30680,1148578,2011-11-04
"Barely Lethal","May 8, 2015",1.5e+07,4912,513303,2015-05-08
"Sound of Freedom","Jul 4, 2023",14500000,184178046,250729678,2023-07-04
"Magic Mike XXL","Jul 1, 2015",14500000,66013057,123580421,2015-07-01
"Elle s'appelait Sarah","Jul 22, 2011",14500000,7691700,25480031,2011-07-22
"The Possession","Aug 31, 2012",1.4e+07,49130588,82925064,2012-08-31
"Breakthrough","Apr 12, 2019",1.4e+07,40713082,49231674,2019-04-12
"Tyler Perry's Good Deeds","Feb 24, 2012",1.4e+07,35025791,35579177,2012-02-24
"Jojo Rabbit","Oct 18, 2019",1.4e+07,33370906,86878073,2019-10-18
"The Iron Lady","Jan 13, 2012",1.4e+07,29959436,115592104,2012-01-13
"Our Family Wedding","Mar 12, 2010",1.4e+07,20255281,21410546,2010-03-12
"Hot Tub Time Machine 2","Feb 20, 2015",1.4e+07,12314651,12826644,2015-02-20
"After","Apr 12, 2019",1.4e+07,12138565,57926850,2019-04-12
"Fun Size","Oct 26, 2012",1.4e+07,9409538,11166615,2012-10-26
"Suffragette","Dec 26, 2014",1.4e+07,4702420,37888043,2014-12-26
"Mr. Turner","Oct 31, 2014",1.4e+07,3958546,25100642,2014-10-31
"Flipped","Aug 6, 2010",1.4e+07,1755212,4294635,2010-08-06
"Les herbes folles","Jun 25, 2010",1.4e+07,403952,1903952,2010-06-25
"Margaret","Sep 30, 2011",1.4e+07,47185,610152,2011-09-30
"The Salvation","Jul 25, 2014",1.4e+07,43318,2947737,2014-07-25
"Super Troopers 2","Apr 20, 2018",13500000,30617396,31966740,2018-04-20
"Seven Psychopaths","Oct 12, 2012",13500000,15024049,33035736,2012-10-12
"The Last Godfather","Apr 1, 2011",13400000,164247,164247,2011-04-01
"Under the Skin","Mar 14, 2014",13300000,2614251,7229933,2014-03-14
"No Good Deed","Sep 12, 2014",13200000,52543632,54323210,2014-09-12
"Pinocchio","Dec 19, 2019",13200000,1831718,30360375,2019-12-19
"Black Swan","Dec 3, 2010",1.3e+07,107770258,332082290,2010-12-03
"Justin Bieber: Never Say Never","Feb 11, 2011",1.3e+07,73013910,99034125,2011-02-11
"The First Purge","Jul 4, 2018",1.3e+07,69488745,137054597,2018-07-04
"Miracles from Heaven","Mar 16, 2016",1.3e+07,61705123,73773317,2016-03-16
"The Shallows","Jun 23, 2016",1.3e+07,55121623,118763442,2016-06-23
"Saw X","Sep 27, 2023",1.3e+07,53607898,125309862,2023-09-27
"About Last Night","Feb 14, 2014",1.3e+07,48637684,50445860,2014-02-14
"St. Vincent","Oct 10, 2014",1.3e+07,44137712,54837234,2014-10-10
"Earth to Echo","Jul 2, 2014",1.3e+07,38934842,42174545,2014-07-02
"21 and Over","Mar 1, 2013",1.3e+07,25682380,42195766,2013-03-01
"Ex Machina","Jan 21, 2015",1.3e+07,25440971,38261299,2015-01-21
"The Holdovers","Oct 27, 2023",1.3e+07,20355375,45972472,2023-10-27
"Eye in the Sky","Mar 11, 2016",1.3e+07,18704596,35402802,2016-03-11
"Admission","Mar 22, 2013",1.3e+07,18007317,18733666,2013-03-22
"The Perks of Being a Wallflower","Sep 20, 2012",1.3e+07,17742948,33069303,2012-09-20
"Room","Oct 16, 2015",1.3e+07,14677674,36316727,2015-10-16
"Woodlawn","Oct 16, 2015",1.3e+07,14394097,14403891,2015-10-16
"Mrs. Harris Goes to Paris","Jul 15, 2022",1.3e+07,10433915,31272770,2022-07-15
"Bajrangi Bhaijaan","Jul 16, 2015",1.3e+07,8178001,122825618,2015-07-16
"Robinson Crusoe","Feb 4, 2016",1.3e+07,8005586,42446455,2016-02-04
"Ben is Back","Dec 7, 2018",1.3e+07,3703182,12616995,2018-12-07
"Chloe","Mar 26, 2010",1.3e+07,3075255,13176612,2010-03-26
"Youth","May 22, 2015",1.3e+07,2703296,24001573,2015-05-22
"Un Prophète","Feb 26, 2010",1.3e+07,2087720,19910624,2010-02-26
"I Love You, Phillip Morris","Dec 3, 2010",1.3e+07,2037459,23014027,2010-12-03
"The Vatican Tapes","Jul 23, 2015",1.3e+07,1784763,14929184,2015-07-23
"Attack the Block","Jul 29, 2011",1.3e+07,1024175,6459183,2011-07-29
"Brothers","Aug 13, 2015",1.3e+07,656688,17856688,2015-08-13
"The Happy Prince","Apr 12, 2018",1.3e+07,464495,2394619,2018-04-12
"In The Land of Blood and Honey","Dec 23, 2011",1.3e+07,303877,509193,2011-12-23
"The Killer Inside Me","Jun 18, 2010",1.3e+07,217277,5453369,2010-06-18
"Chico & Rita","Feb 10, 2012",1.3e+07,197785,3347219,2012-02-10
"The Call","Mar 14, 2013",12800000,51872378,69821476,2013-03-14
"Operation Chromite","Jul 20, 2016",12700000,1022720,49196532,2016-07-20
"The Drop","Sep 12, 2014",12600000,10724389,19054534,2014-09-12
"Machete","Sep 3, 2010",12500000,26593646,46370970,2010-09-03
"Conviction","Oct 15, 2010",12500000,6797696,11826980,2010-10-15
"Solitary Man","May 21, 2010",12500000,4360548,4360548,2010-05-21
"The Perfect Game","Apr 16, 2010",12500000,1089445,3931367,2010-04-16
"Casino Jack","Dec 17, 2010",12500000,1042959,1275276,2010-12-17
"The Paperboy","Oct 5, 2012",12500000,677200,4027663,2012-10-05
"Ernest et Celestine","Dec 12, 2012",12500000,292562,9376444,2012-12-12
"A Little Bit of Heaven","Feb 9, 2012",12500000,10011,1100287,2012-02-09
"The Fault in Our Stars","Jun 4, 2014",1.2e+07,124872350,307166834,2014-06-04
"M3GAN","Dec 28, 2022",1.2e+07,95159005,181796517,2022-12-28
"Think Like a Man","Apr 20, 2012",1.2e+07,91547205,113373764,2012-04-20
"Heaven is for Real","Apr 16, 2014",1.2e+07,91386097,100913556,2014-04-16
"Act of Valor","Feb 24, 2012",1.2e+07,70012847,82497035,2012-02-24
"Chronicle","Feb 2, 2012",1.2e+07,64575175,123681790,2012-02-02
"Project X","Mar 1, 2012",1.2e+07,54731865,103028188,2012-03-01
"Three Billboards Outside Ebbing, Missouri","Nov 10, 2017",1.2e+07,54513740,161158351,2017-11-10
"Lion","Nov 25, 2016",1.2e+07,51739495,149117900,2016-11-25
"Overboard","May 4, 2018",1.2e+07,50316123,91244913,2018-05-04
"Philomena","Nov 1, 2013",1.2e+07,37709979,98963392,2013-11-01
"Paper Towns","Jul 9, 2015",1.2e+07,32000304,85450484,2015-07-09
"Hell or High Water","Aug 12, 2016",1.2e+07,27007844,37566117,2016-08-12
"Katy Perry: Part of Me","Jul 5, 2012",1.2e+07,25326071,32700439,2012-07-05
"Top Five","Dec 12, 2014",1.2e+07,25317379,26001741,2014-12-12
"Project Almanac","Jan 30, 2015",1.2e+07,22348241,32909437,2015-01-30
"47 Meters Down: Uncaged","Aug 15, 2019",1.2e+07,22260900,47582563,2019-08-15
"Black and Blue","Oct 23, 2019",1.2e+07,22012729,22730144,2019-10-23
"Just Wright","May 14, 2010",1.2e+07,21540363,21867665,2010-05-14
"Nebraska","Nov 15, 2013",1.2e+07,17654912,24761360,2013-11-15
"Young Adult","Dec 9, 2011",1.2e+07,16311571,22750356,2011-12-09
"The Turning","Jan 23, 2020",1.2e+07,15472775,18460739,2020-01-23
"About Time","Sep 4, 2013",1.2e+07,15323921,84429086,2013-09-04
"If Beale Street Could Talk","Dec 14, 2018",1.2e+07,14915773,21398371,2018-12-14
"Wish Upon","Jul 14, 2017",1.2e+07,14301505,23477345,2017-07-14
"Unforgettable","Feb 26, 2016",1.2e+07,11368012,17768012,2016-02-26
"Past Lives","Jun 2, 2023",1.2e+07,10950663,42880705,2023-06-02
"I Still Believe","Mar 11, 2020",1.2e+07,10410004,16703751,2020-03-11
"Marshall","Oct 13, 2017",1.2e+07,10051659,10116816,2017-10-13
"Firestarter","May 19, 2020",1.2e+07,9739250,15030244,2020-05-19
"Arbitrage","Sep 14, 2012",1.2e+07,7919574,35830713,2012-09-14
"For Greater Glory: The True Story of Cristiada","Apr 20, 2012",1.2e+07,5669081,10026255,2012-04-20
"La grande bellezza","Oct 10, 2013",1.2e+07,2883879,29484256,2013-10-10
"Stoker","Feb 28, 2013",1.2e+07,1703125,12034913,2013-02-28
"Kill the Irishman","Mar 11, 2011",1.2e+07,1188194,1188194,2011-03-11
"Darling Companion","Apr 20, 2012",1.2e+07,793352,1200346,2012-04-20
"Ondine","Jun 4, 2010",1.2e+07,550472,557545,2010-06-04
"Kahlil Gibran's The Prophet","Aug 7, 2015",1.2e+07,340536,1080362,2015-08-07
"Woman Walks Ahead","Jun 29, 2018",1.2e+07,57528,627538,2018-06-29
"Trash","Feb 21, 2015",1.2e+07,17484,6553186,2015-02-21
"5 Days of War","Aug 19, 2011",1.2e+07,17479,87793,2011-08-19
"10 Days in a Madhouse","Nov 11, 2015",1.2e+07,14616,14616,2015-11-11
"Son of a Gun","Oct 10, 2014",1.2e+07,1411,256003,2014-10-10
"The Dressmaker","Oct 30, 2015",11900000,2022115,24374909,2015-10-30
"Dark Places","Apr 10, 2015",11900000,208588,5685597,2015-04-10
"Parasite (기생충)","May 30, 2019",11800000,53867897,253678159,2019-05-30
"Carol","Nov 20, 2015",11800000,12711491,41892172,2015-11-20
"Dirty Grandpa","Jan 21, 2016",11500000,35593113,105078449,2016-01-21
"Bottoms","Aug 25, 2023",11300000,12036071,12973482,2023-08-25
"The Fighter","Dec 10, 2010",1.1e+07,93617009,129262388,2010-12-10
"If I Stay","Aug 22, 2014",1.1e+07,50474843,78356170,2014-08-22
"Brooklyn","Nov 4, 2015",1.1e+07,38322743,62076141,2015-11-04
"Wind River","Jun 16, 2017",1.1e+07,33800859,44984979,2017-06-16
"Woman in Gold","Apr 1, 2015",1.1e+07,33307793,58586407,2015-04-01
"I, Tonya","Dec 8, 2017",1.1e+07,30014534,53797409,2017-12-08
"Fighting With My Family","Feb 14, 2019",1.1e+07,22958583,41503088,2019-02-14
"Quartet","Dec 26, 2012",1.1e+07,18388357,56178935,2012-12-26
"Inside Llewyn Davis","Nov 6, 2013",1.1e+07,13248209,32942731,2013-11-06
"Peeples","May 10, 2013",1.1e+07,9177065,9307166,2013-05-10
"Boy Erased","Nov 2, 2018",1.1e+07,6788692,11862650,2018-11-02
"Sultan","Jul 1, 2016",1.1e+07,5599781,75379113,2016-07-01
"What If","Aug 8, 2014",1.1e+07,3493000,9814566,2014-08-08
"La piel que habito","Oct 14, 2011",1.1e+07,3185193,38156027,2011-10-14
"La Tortue Rouge","Jul 1, 2016",1.1e+07,920057,6712903,2016-07-01
"Vox Lux","Dec 7, 2018",1.1e+07,727119,1444119,2018-12-07
"Brighton Rock","Aug 26, 2011",1.1e+07,229653,229653,2011-08-26
"Le prénom","Nov 16, 2012",1.1e+07,61611,25307405,2012-11-16
"LOL","May 4, 2012",1.1e+07,46000,10477506,2012-05-04
"Les Intouchables","Nov 2, 2011",10800000,13182281,484630908,2011-11-02
"Dolor y gloria","Mar 22, 2019",10800000,4567338,39790164,2019-03-22
"The Last Days on Mars","Dec 6, 2013",10600000,24084,261364,2013-12-06
"Les gardiennes","Dec 8, 2017",10500000,177331,4942337,2017-12-08
"Housefull","Apr 30, 2010",10100000,1183658,18726300,2010-04-30
"Halloween","Oct 17, 2018",1e+07,159366015,255416089,2018-10-17
"Don’t Breathe","Aug 25, 2016",1e+07,89217875,158906350,2016-08-25
"The Purge: Election Year","Jul 1, 2016",1e+07,79042440,118514727,2016-07-01
"Book Club","May 18, 2018",1e+07,68566296,105953632,2018-05-18
"Insidious: The Last Key","Jan 3, 2018",1e+07,67745330,172811971,2018-01-03
"jackass forever","Feb 3, 2022",1e+07,57743451,74789292,2022-02-03
"Insidious Chapter 3","Jun 4, 2015",1e+07,52218558,120453155,2015-06-04
"Lady Bird","Nov 3, 2017",1e+07,48958273,80108482,2017-11-03
"The Best Exotic Marigold Hotel","Feb 24, 2012",1e+07,46383639,134639780,2012-02-24
"Hereditary","Jun 1, 2018",1e+07,44069456,80860285,2018-06-01
"Love, Simon","Mar 16, 2018",1e+07,40826341,65520633,2018-03-16
"Jigsaw","Oct 27, 2017",1e+07,38052832,104223315,2017-10-27
"The Boy","Jan 21, 2016",1e+07,35819556,73929392,2016-01-21
"Everything, Everything","May 19, 2017",1e+07,34121140,61721140,2017-05-19
"Devil","Sep 17, 2010",1e+07,33679655,63354114,2010-09-17
"The Second Best Exotic Marigold Hotel","Feb 26, 2015",1e+07,33078266,89400862,2015-02-26
"How to Be a Latin Lover","Apr 28, 2017",1e+07,32149404,62556228,2017-04-28
"Slender Man","May 18, 2018",1e+07,30564825,51945949,2018-05-18
"Teen Titans Go! To The Movies","Jul 27, 2018",1e+07,29790236,52390236,2018-07-27
"When the Bough Breaks","Sep 8, 2016",1e+07,29747603,30768449,2016-09-08
"One Direction: This is Us","Aug 30, 2013",1e+07,28873374,68154362,2013-08-30
"Sinister 2","Aug 19, 2015",1e+07,27740955,54104225,2015-08-19
"The Forest","Jan 7, 2016",1e+07,26594261,40749230,2016-01-07
"The Invitation","Aug 16, 2022",1e+07,25100080,33689288,2022-08-16
"Sparkle","Aug 17, 2012",1e+07,24397469,24660323,2012-08-17
"Kevin Hart: What Now?","Oct 14, 2016",1e+07,23591043,23591043,2016-10-14
"Mud","Apr 26, 2013",1e+07,21590086,31556959,2013-04-26
"Skyline","Nov 12, 2010",1e+07,21416355,68264973,2010-11-12
"The Grudge","Dec 31, 2019",1e+07,21216148,49503117,2019-12-31
"The Disaster Artist","Dec 1, 2017",1e+07,21120616,28717667,2017-12-01
"American Fiction","Dec 15, 2023",1e+07,21098470,23026243,2023-12-15
"Blair Witch","Sep 15, 2016",1e+07,20777061,38985577,2016-09-15
"Paranormal Activity: The Ghost Dimension","Oct 21, 2015",1e+07,18297124,77959374,2015-10-21
"The Good Liar","Nov 8, 2019",1e+07,17156058,33856058,2019-11-08
"The Birth of a Nation","Oct 7, 2016",1e+07,15861566,16891011,2016-10-07
"The Unholy","Apr 2, 2021",1e+07,15532137,30792024,2021-04-02
"My Week with Marilyn","Nov 23, 2011",1e+07,14597405,34240572,2011-11-23
"Big Eyes","Dec 25, 2014",1e+07,14482031,27317872,2014-12-25
"Poms","May 10, 2019",1e+07,13631124,17901314,2019-05-10
"Brahms: The Boy II","Feb 20, 2020",1e+07,12611536,18968326,2020-02-20
"The Beguiled","Jun 23, 2017",1e+07,10576669,28039038,2017-06-23
"The Best of Enemies","Apr 5, 2019",1e+07,10205616,10268749,2019-04-05
"Emma.","Feb 13, 2020",1e+07,10055355,27365788,2020-02-13
"Movie 43","Feb 8, 2012",1e+07,8840453,31164747,2012-02-08
"Can You Ever Forgive Me?","Oct 19, 2018",1e+07,8803865,12517379,2018-10-19
"MacGruber","May 21, 2010",1e+07,8525600,8629895,2010-05-21
"Bad Words","Mar 14, 2014",1e+07,7779614,7843145,2014-03-14
"While We're Young","Mar 27, 2015",1e+07,7582065,17503828,2015-03-27
"Seeking a Friend for the End of the World","Jun 22, 2012",1e+07,7078738,11766959,2012-06-22
"Shut In","Mar 17, 2016",1e+07,6900335,11360665,2016-03-17
"Cedar Rapids","Feb 11, 2011",1e+07,6861102,7862131,2011-02-11
"The Collection","Nov 29, 2012",1e+07,6810754,8890094,2012-11-29
"Dog Days","Aug 8, 2018",1e+07,6809080,10290831,2018-08-08
"Next Goal Wins","Nov 16, 2023",1e+07,6713826,17968934,2023-11-16
"A.X.L.","Aug 16, 2018",1e+07,6501381,8259753,2018-08-16
"Danny Collins","Mar 20, 2015",1e+07,5637066,9271825,2015-03-20
"Stan & Ollie","Dec 28, 2018",1e+07,5470235,29062674,2018-12-28
"Io sono l’amore","Jun 18, 2010",1e+07,5005465,15121528,2010-06-18
"Jay and Silent Bob Reboot","Oct 18, 2019",1e+07,4589490,4730228,2019-10-18
"Brian Banks","Aug 9, 2019",1e+07,4376820,4376820,2019-08-09
"The Book of Henry","Jun 16, 2017",1e+07,4288104,4797845,2017-06-16
"Gotti","Jun 15, 2018",1e+07,4286367,6601992,2018-06-15
"Jeff, Who Lives at Home","Mar 16, 2012",1e+07,4269426,4708127,2012-03-16
"Life Itself","Sep 21, 2018",1e+07,4095431,7960474,2018-09-21
"Denial","Sep 30, 2016",1e+07,4073448,9263940,2016-09-30
"The Man Who Knew Infinity","Mar 11, 2016",1e+07,3877922,12382122,2016-03-11
"Max Steel","Oct 14, 2016",1e+07,3818664,4563080,2016-10-14
"Everybody Wants Some","Mar 30, 2016",1e+07,3400278,5437126,2016-03-30
"Atlas Shrugged: Part II","Oct 12, 2012",1e+07,3336053,3336053,2012-10-12
"Rosewater","Nov 14, 2014",1e+07,3128941,3185717,2014-11-14
"Bucky Larson: Born to Be a Star","Sep 9, 2011",1e+07,2529395,2529395,2011-09-09
"Hillsong: Let Hope Rise","Sep 16, 2016",1e+07,2394725,2678525,2016-09-16
"The Iceman","May 3, 2013",1e+07,1930282,3623609,2013-05-03
"Testament of Youth","Jan 16, 2015",1e+07,1822250,6646669,2015-01-16
"Free Fire","Mar 31, 2017",1e+07,1799322,3793739,2017-03-31
"A Better Life","Jun 24, 2011",1e+07,1759252,1884251,2011-06-24
"The Joneses","Apr 16, 2010",1e+07,1475746,3541565,2010-04-16
"Killer Joe","Jun 29, 2012",1e+07,1291645,4659110,2012-06-29
"Churchill","Mar 30, 2017",1e+07,1279681,7582196,2017-03-30
"50 to 1","Mar 21, 2014",1e+07,1069454,1069454,2014-03-21
"Coriolanus","Jan 20, 2012",1e+07,749641,2536707,2012-01-20
"Our Friend","Jan 22, 2021",1e+07,657511,714255,2021-01-22
"Parkland","Oct 4, 2013",1e+07,641439,1616353,2013-10-04
"Cinco de Mayo, La Batalla","May 3, 2013",1e+07,173472,173472,2013-05-03
"Welcome to the Rileys","Oct 29, 2010",1e+07,152857,355919,2010-10-29
"Kicks","Sep 9, 2016",1e+07,150191,150191,2016-09-09
"High School","Jun 1, 2012",1e+07,139034,248133,2012-06-01
"Joheunnom nabbeunnom isanghannom","Apr 23, 2010",1e+07,128486,42226657,2010-04-23
"Blood Done Sign My Name","Feb 19, 2010",1e+07,109383,109383,2010-02-19
"The Good Guy","Feb 19, 2010",1e+07,100688,106460,2010-02-19
"Triple Threat","Mar 19, 2019",1e+07,76289,385651,2019-03-19
"Elsa & Fred","Nov 7, 2014",1e+07,67657,197901,2014-11-07
"Alabama Moon","Mar 18, 2011",1e+07,47305,47305,2011-03-18
"Strangerland","Jun 11, 2015",1e+07,17472,161097,2015-06-11
"Hross i oss","Mar 13, 2015",1e+07,11894,11894,2015-03-13
"The Oxford Murders","Aug 6, 2010",1e+07,4803,17704131,2010-08-06
"Barbecue","Jul 25, 2014",1e+07,388,247565,2014-07-25
"Friend Request","Jan 7, 2016",9900000,3759078,11310835,2016-01-07
"Gunless","Apr 30, 2010",9900000,458054,458054,2010-04-30
"Amour","Sep 20, 2012",9700000,6738954,36787044,2012-09-20
"Truth","Oct 16, 2015",9600000,2541854,6842580,2015-10-16
"Dangal","Dec 21, 2016",9500000,12391761,305149461,2016-12-21
"The Runaways","Mar 19, 2010",9500000,3573673,5278632,2010-03-19
"Melancholia","Nov 11, 2011",9400000,3030848,21788107,2011-11-11
"Words on Bathroom Walls","Aug 21, 2020",9300000,2542518,3184180,2020-08-21
"Jab Tak Hai Jaan","Nov 13, 2012",9200000,3047539,5806666,2012-11-13
"Kites","May 21, 2010",9200000,1685269,17155193,2010-05-21
"Elle","May 27, 2016",9100000,2339735,16517708,2016-05-27
"Split","Jan 18, 2017",9e+06,138141585,278754594,2017-01-18
"The Purge: Anarchy","Jul 16, 2014",9e+06,71562550,111534881,2014-07-16
"Escape Room","Jan 2, 2019",9e+06,57000756,155615727,2019-01-02
"The Curse of La Llorona","Apr 17, 2019",9e+06,54733739,123233739,2019-04-17
"Ouija: Origin of Evil","Oct 20, 2016",9e+06,35144505,81831866,2016-10-20
"Happy Death Day 2U","Feb 13, 2019",9e+06,28148130,64686515,2019-02-13
"Midsommar","Jul 3, 2019",9e+06,27426363,46713431,2019-07-03
"Black or White","Jan 30, 2015",9e+06,21571189,21971021,2015-01-30
"The Edge of Seventeen","Nov 18, 2016",9e+06,14431633,19096003,2016-11-18
"Jackie","Dec 2, 2016",9e+06,13960394,36588512,2016-12-02
"Glee: The 3D Concert Movie","Aug 12, 2011",9e+06,11862398,17462398,2011-08-12
"Come Play","Oct 29, 2020",9e+06,10475990,12624174,2020-10-29
"Loving","Nov 4, 2016",9e+06,7710234,12898064,2016-11-04
"The Sun is Also a Star","May 17, 2019",9e+06,4950029,6750029,2019-05-17
"The Sapphires","Aug 9, 2012",9e+06,2450867,20395040,2012-08-09
"Greater","Aug 26, 2016",9e+06,2000093,2000093,2016-08-26
"Destroyer","Dec 25, 2018",9e+06,1533324,5865489,2018-12-25
"Princess Kaiulani","May 14, 2010",9e+06,883887,883887,2010-05-14
"National Champions","Dec 10, 2021",9e+06,475488,475488,2021-12-10
"Dheepan","Aug 26, 2015",9e+06,248795,7704357,2015-08-26
"La fille du RER","Jan 22, 2010",9e+06,208163,208163,2010-01-22
"Red Riding: The Year of Our Lord 1974","Feb 5, 2010",9e+06,148826,148826,2010-02-05
"Leaves of Grass","Apr 2, 2010",9e+06,70066,85527,2010-04-02
"Another Day of Life","Oct 26, 2018",9e+06,3190,580897,2018-10-26
"Skin Trade","May 8, 2015",9e+06,1242,1242,2015-05-08
"Polisse","May 18, 2012",8900000,176988,22744132,2012-05-18
"Heist","Nov 12, 2015",8900000,50136,3324131,2015-11-12
"Le tout nouveau testament","Sep 2, 2015",8700000,127910,19499856,2015-09-02
"The Age of Shadows (밀정)","Aug 25, 2016",8600000,540268,54500169,2016-08-25
"Manchester by the Sea","Nov 17, 2016",8500000,47695371,77733867,2016-11-17
"The DUFF","Feb 20, 2015",8500000,34030343,43528634,2015-02-20
"Nightcrawler","Oct 31, 2014",8500000,32381218,50334418,2014-10-31
"Dragon Ball Super: Broly (ドラゴンボール超スーパー ブロリー)…","Dec 14, 2018",8500000,30376755,122740616,2018-12-14
"Baggage Claim","Sep 27, 2013",8500000,21569509,22885836,2013-09-27
"Middle School: The Worst Years of My Life","Oct 7, 2016",8500000,20007149,23311293,2016-10-07
"All is Lost","Oct 18, 2013",8500000,6263670,10386814,2013-10-18
"Train to Busan (부산행)","Jun 30, 2016",8500000,2129768,95616265,2016-06-30
"The Rover","Jun 4, 2014",8500000,1109199,3180252,2014-06-04
"My Name is Khan","Feb 12, 2010",8470000,4046336,42355526,2010-02-12
"Yeh Jawaani Hai Deewani","May 31, 2013",8300000,3827466,50827466,2013-05-31
"C’mon C’mon","Nov 19, 2021",8300000,2005481,3297929,2021-11-19
"The City of Your Final Destination","Apr 16, 2010",8300000,493296,1353296,2010-04-16
"Easy A","Sep 17, 2010",8e+06,58401464,76200721,2010-09-17
"The Intruder","May 1, 2019",8e+06,35388976,40597401,2019-05-01
"50/50","Sep 30, 2011",8e+06,35016118,41334735,2011-09-30
"A Walk in the Woods","Aug 13, 2015",8e+06,29499394,37119358,2015-08-13
"That Awkward Moment","Jan 31, 2014",8e+06,26068955,53068955,2014-01-31
"Enough Said","Sep 18, 2013",8e+06,17550872,25621449,2013-09-18
"Begin Again","Jun 27, 2014",8e+06,16170632,67731796,2014-06-27
"Prom","Apr 29, 2011",8e+06,10130219,10763183,2011-04-29
"Me and Earl and the Dying Girl","Jun 12, 2015",8e+06,6758416,9266180,2015-06-12
"It's Kind of a Funny Story","Oct 8, 2010",8e+06,6363628,6632950,2010-10-08
"Morgan","Sep 2, 2016",8e+06,3915251,7298786,2016-09-02
"Anomalisa","Jan 21, 2016",8e+06,3759286,5706168,2016-01-21
"Another Year","Nov 5, 2010",8e+06,3205706,20005613,2010-11-05
"Dicks: The Musical","Oct 6, 2023",8e+06,1453012,1472028,2023-10-06
"El Chicano","May 3, 2019",8e+06,1400603,1400603,2019-05-03
"Le passé","Nov 21, 2013",8e+06,1335672,15752575,2013-11-21
"Lean on Pete","Apr 5, 2018",8e+06,1163056,2985001,2018-04-05
"Made in Dagenham","Nov 19, 2010",8e+06,1095369,15644196,2010-11-19
"Cut Throat City","Jul 31, 2020",8e+06,855894,864907,2020-07-31
"The Secret of Kells","Mar 5, 2010",8e+06,690290,3582797,2010-03-05
"Mr. Church","Sep 16, 2016",8e+06,685780,685780,2016-09-16
"Seberg","Jan 10, 2020",8e+06,448009,1265119,2020-01-10
"Ma vie de Courgette","Jun 2, 2016",8e+06,309768,10245743,2016-06-02
"London Fields","Sep 20, 2018",8e+06,252676,433732,2018-09-20
"Restless","Sep 16, 2011",8e+06,163753,2772511,2011-09-16
"Wild Target","Oct 29, 2010",8e+06,109338,5314194,2010-10-29
"Wuthering Heights","Oct 5, 2012",8e+06,100915,2721534,2012-10-05
"A Street Cat Named Bob","Nov 4, 2016",8e+06,82703,17025444,2016-11-04
"Aloft","Jan 23, 2015",8e+06,53086,531139,2015-01-23
"Under The Silver Lake","Aug 10, 2018",8e+06,46083,2804142,2018-08-10
"Fireflies in the Garden","Oct 14, 2011",8e+06,36884,3587191,2011-10-14
"Loin des hommes","Jan 16, 2015",7700000,5336,1136918,2015-01-16
"La douleur","Jan 26, 2018",7600000,103770,3396089,2018-01-26
"Albert Nobbs","Dec 21, 2011",7500000,3014696,8539003,2011-12-21
"The Neon Demon","Jun 9, 2016",7500000,1333124,3559803,2016-06-09
"Borg vs McEnroe","Sep 22, 2017",7500000,231346,8824873,2017-09-22
"Black November","Jan 9, 2015",7500000,5782,38354,2015-01-09
"The Bye Bye Man","Jan 13, 2017",7400000,22395806,31187727,2017-01-13
"Harry Brown","Apr 30, 2010",7300000,1818681,12023606,2010-04-30
"3","Sep 16, 2011",7200000,59774,295492,2011-09-16
"Mississippi Grind","Sep 25, 2015",7100000,130541,448641,2015-09-25
"Magic Mike","Jun 28, 2012",7e+06,113721571,170549753,2012-06-28
"I Can Only Imagine","Mar 16, 2018",7e+06,83482352,85783567,2018-03-16
"The Invisible Man","Feb 26, 2020",7e+06,64914050,139011965,2020-02-26
"Five Feet Apart","Mar 13, 2019",7e+06,45729221,92554209,2019-03-13
"Jumping the Broom","May 6, 2011",7e+06,37295394,38158601,2011-05-06
"Missing","Jan 20, 2023",7e+06,32502025,46537213,2023-01-20
"Fantasy Island","Feb 12, 2020",7e+06,26441782,49066276,2020-02-12
"Gifted","Apr 7, 2017",7e+06,24801212,36964656,2017-04-07
"Dope","Jun 19, 2015",7e+06,17506470,18190831,2015-06-19
"BrightBurn","May 9, 2019",7e+06,17259427,33183640,2019-05-09
"Devil's Due","Jan 17, 2014",7e+06,15821461,36146087,2014-01-17
"Beyond the Lights","Nov 14, 2014",7e+06,14618727,14618727,2014-11-14
"Get Low","Jul 30, 2010",7e+06,9176933,10828305,2010-07-30
"Cyrus","Jun 18, 2010",7e+06,7468936,10062896,2010-06-18
"20th Century Women","Dec 25, 2016",7e+06,5664763,9353729,2016-12-25
"Assassination Nation","Sep 21, 2018",7e+06,2005142,2852759,2018-09-21
"The Mighty Macs","Oct 21, 2011",7e+06,1891936,1891936,2011-10-21
"Somewhere","Dec 16, 2010",7e+06,1785645,17023121,2010-12-16
"We Need to Talk About Kevin","Jan 13, 2012",7e+06,1738692,10765283,2012-01-13
"The Christmas Candle","Nov 15, 2013",7e+06,1632000,1933829,2013-11-15
"The Kid","Mar 8, 2019",7e+06,1508593,1593173,2019-03-08
"Finding Your Feet","Feb 23, 2018",7e+06,1418682,17570654,2018-02-23
"Mother and Child","May 7, 2010",7e+06,1110509,6537179,2010-05-07
"Freeheld","Oct 2, 2015",7e+06,546201,1732228,2015-10-02
"Dom Hemingway","Nov 15, 2013",7e+06,523511,1857458,2013-11-15
"The Extra Man","Jul 30, 2010",7e+06,453377,492108,2010-07-30
"Hesher","May 13, 2011",7e+06,382946,382946,2011-05-13
"Ca$h","Mar 26, 2010",7e+06,46488,46488,2010-03-26
"Trudno byt bogom","Jan 30, 2015",7e+06,31443,41038,2015-01-30
"Twixt","Jun 21, 2012",7e+06,1996,1270342,2012-06-21
"Des nouvelles de la planète Mars","Jul 15, 2016",7e+06,310,582849,2016-07-15
"House at the End of the Street","Sep 21, 2012",6900000,31611916,44103982,2012-09-21
"Incendies","Sep 17, 2010",6800000,6857096,16017448,2010-09-17
"Bran Nue Dae","Sep 10, 2010",6750000,113568,6391458,2010-09-10
"Anatomie d’une chute","Aug 23, 2023",6600000,5076369,48839844,2023-08-23
"Perrier’s Bounty","May 21, 2010",6600000,828,828,2010-05-21
"Annabelle","Oct 2, 2014",6500000,84273813,256857527,2014-10-02
"Countdown","Oct 25, 2019",6500000,25621766,42176201,2019-10-25
"My Little Pony: The Movie","Oct 5, 2017",6500000,21885107,61294644,2017-10-05
"Men","May 20, 2022",6500000,7587853,11958347,2022-05-20
"Same Kind of Different as Me","Oct 20, 2017",6500000,6423605,6468664,2017-10-20
"Shame","Dec 2, 2011",6500000,4002293,20412841,2011-12-02
"The East","May 31, 2013",6500000,2274649,3027956,2013-05-31
"Personal Shopper","Nov 19, 2016",6400000,1305195,3804977,2016-11-19
"Retfærdighedens Ryttere","Feb 19, 2021",6400000,77115,1280591,2021-02-19
"The Peanut Butter Falcon","Aug 9, 2019",6200000,20457158,23191551,2019-08-09
"Les Innocentes","Feb 12, 2016",6200000,1065665,9249142,2016-02-12
"Breaking In","May 9, 2018",6e+06,46840590,51485382,2018-05-09
"Ready or Not","Aug 21, 2019",6e+06,28714231,56702995,2019-08-21
"Booksmart","May 24, 2019",6e+06,22680962,24948141,2019-05-24
"Unplanned","Mar 29, 2019",6e+06,19005109,21413603,2019-03-29
"The Prodigy","Feb 8, 2019",6e+06,14856291,22413145,2019-02-08
"The Possession of Hannah Grace","Nov 28, 2018",6e+06,14836174,42873730,2018-11-28
"The Words","Sep 7, 2012",6e+06,11494838,16369708,2012-09-07
"The Lady in the Van","Nov 13, 2015",6e+06,10021175,42320503,2015-11-13
"Bernie","Apr 27, 2012",6e+06,9204489,10106975,2012-04-27
"Freaky","Nov 12, 2020",6e+06,9030855,18073433,2020-11-12
"Journey to Bethlehem","Nov 10, 2023",6e+06,6820796,7905395,2023-11-10
"City Island","Mar 19, 2010",6e+06,6671283,8173486,2010-03-19
"Marcel the Shell with Shoes On","Jun 24, 2022",6e+06,6333703,7103547,2022-06-24
"Unbroken: Path to Redemption","Sep 14, 2018",6e+06,6216897,6216897,2018-09-14
"Casa de mi Padre","Mar 16, 2012",6e+06,5909483,8446952,2012-03-16
"The Guard","Jul 29, 2011",6e+06,5359774,21197454,2011-07-29
"Wish I Was Here","Jul 18, 2014",6e+06,3591299,6591365,2014-07-18
"Juliet, Naked","Aug 17, 2018",6e+06,3444895,5767158,2018-08-17
"Veronica Mars","Mar 14, 2014",6e+06,3322127,3485383,2014-03-14
"The Father","Dec 25, 2020",6e+06,2120992,36427155,2020-12-25
"Snow Flower and the Secret Fan","Jul 15, 2011",6e+06,1348205,11348205,2011-07-15
"Mandy","Sep 14, 2018",6e+06,1233694,1477924,2018-09-14
"13 Assassins (十三人の刺客)","Apr 29, 2011",6e+06,802778,18727440,2011-04-29
"Under sandet","Dec 3, 2015",6e+06,434640,4959039,2015-12-03
"The 5th Quarter","Mar 25, 2011",6e+06,408159,408159,2011-03-25
"Akmareul Boatda (악마를 보았다)","Mar 4, 2011",6e+06,129210,13168809,2011-03-04
"The Greatest","Apr 2, 2010",6e+06,115862,117796,2010-04-02
"Beasts of No Nation","Oct 16, 2015",6e+06,90777,90777,2015-10-16
"Deadfall","Nov 9, 2012",6e+06,66351,1673635,2012-11-09
"Song One","Jan 23, 2015",6e+06,32251,437089,2015-01-23
"Don McKay","Apr 2, 2010",6e+06,13722,13722,2010-04-02
"Trade of Innocents","Oct 5, 2012",5800000,15091,15091,2012-10-05
"Druk","Oct 9, 2020",5700000,44205,21698895,2020-10-09
"The Inbetweeners","Sep 7, 2012",5700000,35955,86051320,2012-09-07
"Valhalla Rising","Jul 16, 2010",5700000,30638,731613,2010-07-16
"Verdens verste menneske","Oct 13, 2021",5600000,3034775,19329211,2021-10-13
"Standing Ovation","Jul 16, 2010",5600000,531806,531806,2010-07-16
"Khiladi 786","Dec 7, 2012",5600000,385422,14683763,2012-12-07
"[Rec] 2","Jul 9, 2010",5600000,27766,18527766,2010-07-09
"Don Jon","Sep 27, 2013",5500000,24477704,41268579,2013-09-27
"Show Dogs","May 11, 2018",5500000,17744685,40014998,2018-05-11
"Hell Fest","Sep 27, 2018",5500000,11107431,18294883,2018-09-27
"Loving Vincent","Jul 12, 2017",5500000,6735118,44058550,2017-07-12
"Haevnen","Apr 1, 2011",5500000,1008098,15867314,2011-04-01
"Le Havre","Oct 21, 2011",5500000,611709,13480196,2011-10-21
"El Clan","Aug 13, 2015",5500000,201227,22125102,2015-08-13
"Berlin Syndrome","Apr 21, 2017",5500000,28660,788191,2017-04-21
"Salvation Boulevard","Jul 15, 2011",5500000,28468,28468,2011-07-15
"R100","Jan 23, 2015",5500000,24956,24956,2015-01-23
"Portrait de la jeune fille en feu","Aug 16, 2019",5400000,3759854,11757127,2019-08-16
"Não Pare na Pista: A Melhor História de Paulo C…","Mar 13, 2015",5400000,8808,735324,2015-03-13
"47 Meters Down","May 26, 2017",5300000,44307193,62633705,2017-05-26
"La Vie d'Adèle – Chapitres 1 & 2","Oct 11, 2013",5250000,2450504,22887231,2013-10-11
"Hodejegerne","Mar 8, 2012",5250000,1200010,20184208,2012-03-08
"Dum Maaro Dum","Apr 22, 2011",5200000,564489,11633427,2011-04-22
"Get Out","Feb 24, 2017",5e+06,175837935,252297405,2017-02-24
"Paranormal Activity 3","Oct 21, 2011",5e+06,104028807,207039844,2011-10-21
"Insidious Chapter 2","Sep 13, 2013",5e+06,83586447,161921515,2013-09-13
"Lights Out","Jul 21, 2016",5e+06,67268835,149368835,2016-07-21
"The Visit","Sep 10, 2015",5e+06,65206105,98677816,2015-09-10
"Happy Death Day","Oct 11, 2017",5e+06,55683845,125010260,2017-10-11
"Paranormal Activity 4","Oct 17, 2012",5e+06,53900335,142817992,2012-10-17
"Ouija","Oct 24, 2014",5e+06,50856010,103300632,2014-10-24
"MA","May 29, 2019",5e+06,45896028,61220784,2019-05-29
"No se Aceptan Devoluciones","Aug 30, 2013",5e+06,44467206,100486616,2013-08-30
"The Gift","Aug 6, 2015",5e+06,43787265,58978477,2015-08-06
"The Big Sick","Jun 23, 2017",5e+06,42872467,56868677,2017-06-23
"Overcomer","Aug 22, 2019",5e+06,34700142,38093564,2019-08-22
"Paranormal Activity: The Marked Ones","Jan 3, 2014",5e+06,32462372,90904854,2014-01-03
"Oculus","Apr 11, 2014",5e+06,27695246,44115496,2014-04-11
"Dallas Buyers Club","Nov 1, 2013",5e+06,27298285,60611845,2013-11-01
"No Escape","Aug 26, 2015",5e+06,27288872,42844516,2015-08-26
"The Lazarus Effect","Feb 26, 2015",5e+06,25801570,38359310,2015-02-26
"Our Idiot Brother","Aug 26, 2011",5e+06,24814830,25861249,2011-08-26
"The Strangers: Prey at Night","Mar 9, 2018",5e+06,24431472,32144262,2018-03-09
"The Way Way Back","Jul 5, 2013",5e+06,21502690,26853810,2013-07-05
"As Above, So Below","Aug 29, 2014",5e+06,21222315,41824066,2014-08-29
"God’s Not Dead 2","Apr 1, 2016",5e+06,20773069,23551286,2016-04-01
"Race","Feb 19, 2016",5e+06,19115191,23745772,2016-02-19
"Still Alice","Jan 16, 2015",5e+06,18656400,41598366,2015-01-16
"The Blackening","Jun 16, 2023",5e+06,17707207,18563767,2023-06-16
"Apollo 18","Sep 2, 2011",5e+06,17686929,26517819,2011-09-02
"Paul, Apostle of Christ","Mar 22, 2018",5e+06,17547999,26078500,2018-03-22
"Addicted","Oct 10, 2014",5e+06,17390770,17499242,2014-10-10
"Gretel & Hansel","Jan 30, 2020",5e+06,15347654,22052456,2020-01-30
"Spring Breakers","Mar 6, 2013",5e+06,14124286,31129535,2013-03-06
"It Comes at Night","Jun 9, 2017",5e+06,13985117,19720203,2017-06-09
"Hillary’s America: The Secret History of the De…","Jul 15, 2016",5e+06,13099931,13099931,2016-07-15
"Before I Fall","Mar 3, 2017",5e+06,12241072,18945682,2017-03-03
"Fifty Shades of Black","Jan 28, 2016",5e+06,11686940,22113075,2016-01-28
"Black Christmas","Dec 13, 2019",5e+06,10429730,18526087,2019-12-13
"Moms’ Night Out","May 9, 2014",5e+06,10429707,10537341,2014-05-09
"Win Win","Mar 18, 2011",5e+06,10179275,11869063,2011-03-18
"The Belko Experiment","Mar 17, 2017",5e+06,10166820,11792942,2017-03-17
"The Perfect Match","Mar 11, 2016",5e+06,9669521,10182050,2016-03-11
"Jexi","Oct 11, 2019",5e+06,6546159,10601127,2019-10-11
"Fahrenheit 11/9","Sep 21, 2018",5e+06,6352306,6653715,2018-09-21
"Sea Rex 3D: Journey to a Prehistoric World","May 28, 2010",5e+06,6096582,16515203,2010-05-28
"Captain Fantastic","Jul 8, 2016",5e+06,5879835,21340234,2016-07-08
"Don’t Let Go","Aug 30, 2019",5e+06,5215062,5288136,2019-08-30
"Zola","Jun 30, 2021",5e+06,4844399,5170200,2021-06-30
"90 Minutes in Heaven","Sep 11, 2015",5e+06,4816142,4816142,2015-09-11
"Incarnate","Dec 2, 2016",5e+06,4799774,9371036,2016-12-02
"My Old Lady","Sep 10, 2014",5e+06,4011530,15220308,2014-09-10
"Des Hommes et Des Dieux","Feb 25, 2011",5e+06,3954651,46263525,2011-02-25
"Nomadland","Jan 29, 2021",5e+06,3700000,38728987,2021-01-29
"Table 19","Mar 3, 2017",5e+06,3614896,4620399,2017-03-03
"The Beach Bum","Mar 21, 2019",5e+06,3502600,4267808,2019-03-21
"The Outfit","Mar 18, 2022",5e+06,3344040,4389636,2022-03-18
"Green Room","Apr 15, 2016",5e+06,3220371,3802233,2016-04-15
"Thoroughbreds","Mar 9, 2018",5e+06,3072605,3474221,2018-03-09
"The Other Side of the Door","Feb 24, 2016",5e+06,3000342,12905107,2016-02-24
"Everything Must Go","May 13, 2011",5e+06,2712131,2821010,2011-05-13
"Kill the Messenger","Oct 10, 2014",5e+06,2450846,6656705,2014-10-10
"Rabbit Hole","Dec 17, 2010",5e+06,2229058,6205034,2010-12-17
"Jem and the Holograms","Oct 22, 2015",5e+06,2184640,2368937,2015-10-22
"Paterson","Nov 25, 2016",5e+06,2141423,10725316,2016-11-25
"Atlas Shrugged: Who Is John Galt?","Sep 12, 2014",5e+06,851690,851690,2014-09-12
"Ain't Them Bodies Saints","Aug 16, 2013",5e+06,391611,1075009,2013-08-16
"Jimi: All is By My Side","Sep 26, 2014",5e+06,340911,927074,2014-09-26
"Tucker & Dale vs. Evil","Jul 28, 2011",5e+06,223838,5476378,2011-07-28
"Touchback","Apr 13, 2012",5e+06,204157,204157,2012-04-13
"The Outpost","Jul 2, 2020",5e+06,186634,2099653,2020-07-02
"Cop Car","Aug 7, 2015",5e+06,134552,143658,2015-08-07
"Lovely, Still","Sep 10, 2010",5e+06,127564,282687,2010-09-10
"Lansky","Jun 22, 2021",5e+06,61030,144894,2021-06-22
"Rudderless","Oct 17, 2014",5e+06,56001,584499,2014-10-17
"Area 51","May 15, 2015",5e+06,7556,7556,2015-05-15
"Revenge of the Green Dragons","Oct 24, 2014",5e+06,2500,213164,2014-10-24
"Every Day","Feb 23, 2018",4900000,6112914,12826031,2018-02-23
"Mommy","Nov 13, 2014",4900000,3498695,17536004,2014-11-13
"Soul Kitchen","Apr 2, 2010",4900000,276901,23347461,2010-04-02
"The Awakening","Aug 17, 2012",4900000,95933,6924321,2012-08-17
"Zimna wojna","Jun 8, 2018",4800000,4580048,25030444,2018-06-08
"Only God Forgives","Jul 19, 2013",4800000,775849,4494560,2013-07-19
"Take Shelter","Sep 30, 2011",4750000,1728953,4972016,2011-09-30
"Barfi","Sep 14, 2012",4600000,2804874,36751984,2012-09-14
"Le nom des gens","Jun 24, 2011",4600000,514237,9261711,2011-06-24
"Us","Mar 20, 2019",4500000,175084580,255620999,2019-03-20
"Barbarian","Sep 8, 2022",4500000,40842944,45314401,2022-09-08
"The Lobster","Oct 15, 2015",4500000,9196278,17985061,2015-10-15
"Salvando al Soldado Perez","Sep 2, 2011",4500000,1400726,9330465,2011-09-02
"Nannerl la soeur de Mozart","Jul 8, 2011",4500000,707885,2404639,2011-07-08
"Life During Wartime","Jul 23, 2010",4500000,281447,281447,2010-07-23
"Blackthorn","Oct 7, 2011",4500000,200558,1217307,2011-10-07
"Maggie","May 8, 2015",4500000,187112,1027760,2015-05-08
"After.Life","Apr 9, 2010",4500000,108596,2481925,2010-04-09
"Spoken Word","Jul 23, 2010",4500000,32961,32961,2010-07-23
"The Sweeney","Sep 12, 2012",4500000,26345,8000366,2012-09-12
"Falcon Rising","Sep 4, 2014",4500000,11774,11774,2014-09-04
"Snabba Cash","Jan 15, 2010",4300000,188870,10212403,2010-01-15
"Talk To Me","Jul 26, 2023",4250000,48299436,91942102,2023-07-26
"Animal Kingdom","Aug 13, 2010",4200000,1044039,8078683,2010-08-13
"George A. Romero's Survival of the Dead","May 28, 2010",4200000,101740,101740,2010-05-28
"The Boy Next Door","Jan 22, 2015",4e+06,36006065,53401938,2015-01-22
"Boyhood","Jun 5, 2014",4e+06,25379975,57273049,2014-06-05
"Father Stu","Apr 13, 2022",4e+06,21096678,21989422,2022-04-13
"The Kids Are All Right","Jul 9, 2010",4e+06,20811365,36275469,2010-07-09
"A Haunted House 2","Apr 18, 2014",4e+06,17329487,21206861,2014-04-18
"Late Night","Jun 7, 2019",4e+06,15500045,22373378,2019-06-07
"The Last Exorcism Part II","Mar 1, 2013",4e+06,15179303,25448707,2013-03-01
"The Lighthouse","Oct 18, 2019",4e+06,10867104,18237527,2019-10-18
"The Darkness","May 13, 2016",4e+06,10753574,10904495,2016-05-13
"Traffik","Apr 20, 2018",4e+06,9186156,9561231,2018-04-20
"Sing Street","Mar 18, 2016",4e+06,3237118,12657072,2016-03-18
"Samsara","Aug 23, 2012",4e+06,2672413,5966671,2012-08-23
"Cafarnaúm","Oct 19, 2018",4e+06,1660708,65233793,2018-10-19
"The Art of Getting By","Jun 17, 2011",4e+06,1430241,1989035,2011-06-17
"Beyond the Mask","Apr 6, 2015",4e+06,1236094,1236094,2015-04-06
"Red State","Sep 23, 2011",4e+06,1065429,1983596,2011-09-23
"Holy Motors","Jul 11, 2012",4e+06,641054,4230426,2012-07-11
"The Signal","Jun 13, 2014",4e+06,600896,2665322,2014-06-13
"The Face of Love","Oct 25, 2013",4e+06,385069,1158877,2013-10-25
"Joe","Apr 11, 2014",4e+06,373375,373375,2014-04-11
"Polina danser sa vie","Nov 18, 2016",4e+06,165203,953314,2016-11-18
"Desert Dancer","Jul 3, 2014",4e+06,155271,596335,2014-07-03
"Guten Tag, Ramon","Aug 21, 2014",4e+06,154356,4854356,2014-08-21
"Manglehorn","Jun 5, 2015",4e+06,132270,797439,2015-06-05
"The Warlords (投名狀)","Apr 2, 2010",4e+06,129078,38899792,2010-04-02
"Trust","Apr 1, 2011",4e+06,120016,120016,2011-04-01
"Sweet Country","Oct 13, 2017",4e+06,85556,2291545,2017-10-13
"Stake Land","Apr 22, 2011",4e+06,33245,679482,2011-04-22
"Praia do Futuro","May 15, 2014",4e+06,20620,760678,2014-05-15
"13 Sins","Apr 18, 2014",4e+06,9134,47552,2014-04-18
"Another Happy Day","Nov 18, 2011",4e+06,9120,978527,2011-11-18
"Inescapable","Feb 22, 2013",4e+06,4327,4327,2013-02-22
"Down for Life","Jan 14, 2011",3800000,41914,41914,2011-01-14
"The Good Heart","Apr 30, 2010",3800000,20930,749686,2010-04-30
"Hevi reissu","Oct 5, 2018",3800000,10153,21976,2018-10-05
"L’attentat","Jun 21, 2013",3750000,1625707,3237975,2013-06-21
"Four Lions","Nov 5, 2010",3750000,310007,8607693,2010-11-05
"Slow West","May 15, 2015",3750000,229094,2089072,2015-05-15
"Defendor","Feb 19, 2010",3750000,44462,44462,2010-02-19
"Crown Vic","Nov 8, 2019",3600000,3868,3868,2019-11-08
"Truth or Dare","Apr 12, 2018",3500000,41411015,95292744,2018-04-12
"The Witch","Feb 19, 2016",3500000,25138705,40364725,2016-02-19
"Winchester","Feb 2, 2018",3500000,25091816,45960255,2018-02-02
"Call Me by Your Name","Oct 27, 2017",3500000,18065180,41561140,2017-10-27
"Dark Skies","Feb 21, 2013",3500000,17418667,27704111,2013-02-21
"Forever My Girl","Jan 19, 2018",3500000,16376066,16376066,2018-01-19
"El secreto de sus ojos","Apr 16, 2010",3500000,6391436,40527719,2010-04-16
"First Reformed","May 18, 2018",3500000,3448256,3988612,2018-05-18
"Honey Boy","Nov 7, 2019",3500000,3012615,3415721,2019-11-07
"The House Next Door: Meet the Blacks 2","Jun 11, 2021",3500000,2893660,2893660,2021-06-11
"Don’t Worry, He Won’t Get Far on Foot","Apr 6, 2018",3500000,1441705,4522504,2018-04-06
"Believe","Dec 2, 2016",3500000,890303,890303,2016-12-02
"American Honey","Sep 30, 2016",3500000,663247,2611750,2016-09-30
"The Bronze","Mar 18, 2016",3500000,615816,615816,2016-03-18
"Trolljegeren","Jun 10, 2011",3500000,253444,5706638,2011-06-10
"The Masked Saint","Jan 8, 2016",3500000,182695,182695,2016-01-08
"The Reckoning","Feb 5, 2021",3500000,143532,465177,2021-02-05
"Time to Choose","Jun 3, 2016",3500000,29233,29233,2016-06-03
"Jagten","Oct 25, 2012",3450000,687185,18309793,2012-10-25
"Margin Call","Oct 5, 2011",3400000,5353586,20433227,2011-10-05
"Flee","Dec 3, 2021",3400000,339754,2062173,2021-12-03
"Whiplash","Oct 10, 2014",3300000,13892940,39804243,2014-10-10
"Sorry to Bother You","Jul 6, 2018",3200000,17493096,18285560,2018-07-06
"Beginners","Jun 3, 2011",3200000,5790894,14314407,2011-06-03
"The Meddler","Apr 22, 2016",3200000,4267219,5526942,2016-04-22
"Paranormal Activity 2","Oct 20, 2010",3e+06,84752907,177512032,2010-10-20
"War Room","Aug 27, 2015",3e+06,67790117,73989734,2015-08-27
"The Purge","Jun 7, 2013",3e+06,64473115,91266581,2013-06-07
"Sinister","Oct 5, 2012",3e+06,48086903,87727807,2012-10-05
"The Farewell","Jul 12, 2019",3e+06,17700478,25466013,2019-07-12
"The Whale","Dec 21, 2022",3e+06,17453440,54044481,2022-12-21
"The Case for Christ","Apr 7, 2017",3e+06,14678714,17966760,2017-04-07
"Love & Friendship","May 13, 2016",3e+06,14016568,23934375,2016-05-13
"Upgrade","Jun 1, 2018",3e+06,11977130,16976561,2018-06-01
"Impractical Jokers: The Movie","Feb 21, 2020",3e+06,10466091,10466091,2020-02-21
"Before Midnight","May 22, 2013",3e+06,8110621,23225160,2013-05-22
"Let There Be Light","Oct 27, 2017",3e+06,7233471,7241309,2017-10-27
"I Heard the Bells","Dec 1, 2022",3e+06,5644104,5679324,2022-12-01
"The Last Black Man in San Francisco","Jun 7, 2019",3e+06,4515719,4637842,2019-06-07
"Don’t Think Twice","Jul 22, 2016",3e+06,4417983,4417983,2016-07-22
"Swiss Army Man","Jun 24, 2016",3e+06,4210454,5837111,2016-06-24
"Frances Ha","May 17, 2013",3e+06,4067398,11194304,2013-05-17
"Please Give","Apr 30, 2010",3e+06,4033574,4566662,2010-04-30
"Compadres","Mar 31, 2016",3e+06,3127773,7445044,2016-03-31
"Letters to God","Apr 9, 2010",3e+06,2848587,3237452,2010-04-09
"I'm in Love with a Church Girl","Oct 18, 2013",3e+06,2387730,2503392,2013-10-18
"Tusk","Sep 19, 2014",3e+06,1821983,1886880,2014-09-19
"The Wall","May 12, 2017",3e+06,1803064,4495262,2017-05-12
"Damsels in Distress","Apr 6, 2012",3e+06,1007535,1324299,2012-04-06
"Hobo with a Shotgun","May 6, 2011",3e+06,703372,834953,2011-05-06
"The D Train","May 8, 2015",3e+06,669688,816494,2015-05-08
"Creature","Sep 9, 2011",3e+06,508714,533235,2011-09-09
"Bachelorette","Sep 6, 2012",3e+06,446770,12577401,2012-09-06
"The Inspection","Nov 18, 2022",3e+06,385627,430608,2022-11-18
"Fish Tank","Jan 15, 2010",3e+06,374675,5922292,2010-01-15
"The Bounce Back","Dec 9, 2016",3e+06,321910,421404,2016-12-09
"The Climb","Jul 29, 2020",3e+06,234429,1027043,2020-07-29
"Chain Letter","Oct 1, 2010",3e+06,205842,1022453,2010-10-01
"Tim and Eric's Billion Dollar Movie","Mar 2, 2012",3e+06,201436,223652,2012-03-02
"The Eclipse","Mar 26, 2010",3e+06,133411,133411,2010-03-26
"Fort McCoy","Aug 15, 2014",3e+06,78948,78948,2014-08-15
"Before We Go","Sep 4, 2015",3e+06,37151,483938,2015-09-04
"The Divide","Jan 13, 2012",3e+06,18000,156362,2012-01-13
"Tanner Hall","Sep 9, 2011",3e+06,5073,5073,2011-09-09
"Freakonomics","Oct 1, 2010",2900000,101270,172867,2010-10-01
"Griff the Invisible","Aug 19, 2011",2900000,20778,25935,2011-08-19
"Midnight Sun","Mar 22, 2018",2800000,9561064,26952508,2018-03-22
"Mid90s","Oct 19, 2018",2800000,7362439,9186903,2018-10-19
"Phoenix Forgotten","Apr 21, 2017",2800000,3600146,3697729,2017-04-21
"Deux","Feb 14, 2020",2750000,5495,1327823,2020-02-14
"Indivisible","Oct 26, 2018",2700000,3511417,3589633,2018-10-26
"Le fils de l’autre","Apr 11, 2012",2700000,1220807,5969923,2012-04-11
"The Monster","Nov 11, 2016",2700000,12544,86288,2016-11-11
"Ida","Mar 28, 2014",2600000,3827060,15277215,2014-03-28
"A Haunted House","Jan 11, 2013",2500000,40041683,59922558,2013-01-11
"2016: Obama’s America","Jul 13, 2012",2500000,33349941,33349941,2012-07-13
"Kevin Hart: Let Me Explain","Jul 3, 2013",2500000,32244051,32327255,2013-07-03
"The Spectacular Now","Aug 2, 2013",2500000,6852971,6916951,2013-08-02
"Hunt for the Wilderpeople","Apr 1, 2016",2500000,5205471,23900842,2016-04-01
"Robot & Frank","Aug 17, 2012",2500000,3317468,4934356,2012-08-17
"Timbuktu","Dec 11, 2014",2500000,1076075,6815821,2014-12-11
"The Lost Medallion: The Adventures of Billy Stone","Mar 1, 2013",2500000,549632,549632,2013-03-01
"Super","Apr 1, 2011",2500000,327716,593933,2011-04-01
"Her Smell","Apr 12, 2019",2500000,255599,306217,2019-04-12
"Valley of the Hearts Delight","Apr 9, 2010",2500000,118666,118666,2010-04-09
"8: The Mormon Proposition","Jun 18, 2010",2500000,100280,100280,2010-06-18
"Underdogs","Aug 16, 2013",2500000,35017,1392649,2013-08-16
"Go For It!","May 13, 2011",2450000,180237,182358,2011-05-13
"Life After Beth","Aug 15, 2014",2400000,80315,334491,2014-08-15
"Do You Believe?","Mar 20, 2015",2300000,12985600,14628921,2015-03-20
"Profile","May 14, 2021",2300000,1744740,1883256,2021-05-14
"A Mouthful of Air","Oct 29, 2021",2300000,269435,269435,2021-10-29
"Frontera","Sep 5, 2014",2300000,59696,59696,2014-09-05
"Redemption Road","Aug 26, 2011",2300000,29384,29384,2011-08-26
"Mi America","Oct 16, 2016",2100000,3330,3330,2016-10-16
"Courageous","Sep 30, 2011",2e+06,35017223,35680886,2011-09-30
"It Follows","Feb 6, 2015",2e+06,14674077,23236296,2015-02-06
"Eighth Grade","Jul 13, 2018",2e+06,13539710,14348020,2018-07-13
"Silent House","Mar 9, 2012",2e+06,12739737,16610760,2012-03-09
"Hardcore Henry","Apr 7, 2016",2e+06,9252038,17187434,2016-04-07
"Winter’s Bone","Jun 11, 2010",2e+06,6531503,16131551,2010-06-11
"Meet the Mormons","Oct 10, 2014",2e+06,6047363,6049171,2014-10-10
"The Florida Project","Oct 6, 2017",2e+06,5904366,11232935,2017-10-06
"All Saints","Aug 23, 2017",2e+06,5802208,5946780,2017-08-23
"The Company You Keep","Dec 20, 2012",2e+06,5132442,21087760,2012-12-20
"Inside Job","Oct 8, 2010",2e+06,4311834,7799257,2010-10-08
"We Are Your Friends","Aug 26, 2015",2e+06,3591417,10153415,2015-08-26
"Minari","Dec 11, 2020",2e+06,2964816,15474659,2020-12-11
"Captive","Sep 17, 2015",2e+06,2583301,2791973,2015-09-17
"Hearts Beat Loud","Jun 8, 2018",2e+06,2386254,2469510,2018-06-08
"The Resurrection of Gavin Stone","Jan 20, 2017",2e+06,2303792,2303792,2017-01-20
"The Diary of a Teenage Girl","Aug 7, 2015",2e+06,1477002,2279959,2015-08-07
"Locke","Apr 25, 2014",2e+06,1370646,2189800,2014-04-25
"Meek's Cutoff","Apr 8, 2011",2e+06,977772,1869928,2011-04-08
"The Babadook","May 23, 2014",2e+06,950792,7482387,2014-05-23
"The Virginity Hit","Sep 24, 2010",2e+06,636706,636706,2010-09-24
"Monos","Aug 23, 2019",2e+06,406473,2013217,2019-08-23
"The Last Five Years","Feb 13, 2015",2e+06,147299,205298,2015-02-13
"Saint John of Las Vegas","Jan 29, 2010",2e+06,102645,102645,2010-01-29
"Pump","Sep 19, 2014",2e+06,89787,89787,2014-09-19
"Lost River","Apr 7, 2015",2e+06,45431,2009644,2015-04-07
"Knock Knock","Jun 26, 2015",2e+06,36336,6328516,2015-06-26
"Growing up Smith","Feb 3, 2017",2e+06,35312,35312,2017-02-03
"Being Charlie","May 6, 2016",2e+06,30400,32964,2016-05-06
"The First Time","Oct 19, 2012",2e+06,22836,22836,2012-10-19
"Circle","Aug 27, 2010",2e+06,10024,10024,2010-08-27
"Jerusalema","Jun 11, 2010",2e+06,7294,10679,2010-06-11
"Plush","Sep 13, 2013",2e+06,3080,28864,2013-09-13
"The Ghastly Love of Johnny X","Oct 26, 2012",2e+06,2436,2436,2012-10-26
"Buried","Sep 24, 2010",1987650,1044143,21270290,2010-09-24
"Nowhere Boy","Oct 8, 2010",1900000,1445366,7785229,2010-10-08
"Brotherly Love","Apr 24, 2015",1900000,478595,478595,2015-04-24
"Submarine","Jun 3, 2011",1900000,467602,4581937,2011-06-03
"The Square","Apr 9, 2010",1900000,406216,740932,2010-04-09
"ABCD (Any Body Can Dance)","Feb 8, 2013",1900000,222098,10137234,2013-02-08
"Closet Monster","Jul 15, 2016",1850000,42166,99748,2016-07-15
"The Last Exorcism","Aug 27, 2010",1800000,41034350,70165900,2010-08-27
"Beasts of the Southern Wild","Jun 27, 2012",1800000,12795746,23265132,2012-06-27
"Higher Ground","Aug 23, 2011",1800000,841056,842693,2011-08-23
"POM Wonderful Presents: The Greatest Movie Ever…","Apr 22, 2011",1800000,638476,783733,2011-04-22
"The Assistant","Jan 31, 2020",1780000,1100310,1700529,2020-01-31
"I Spit on Your Grave","Oct 8, 2010",1750000,93051,1278471,2010-10-08
"The Lunchbox","Feb 28, 2014",1700000,4231500,15517886,2014-02-28
"Grace Unplugged","Oct 4, 2013",1700000,2507159,2507159,2013-10-04
"Saul fia","Jun 11, 2015",1700000,1777043,9696537,2015-06-11
"N-Secure","Oct 15, 2010",1600000,2595644,2595644,2010-10-15
"Two Night Stand","Sep 26, 2014",1600000,15600,868081,2014-09-26
"You Instead","May 11, 2012",1600000,4321,222382,2012-05-11
"Insidious","Apr 1, 2011",1500000,54009150,99870886,2011-04-01
"Moonlight","Oct 21, 2016",1500000,27854931,64828447,2016-10-21
"Unsane","Mar 22, 2018",1500000,7690044,14296709,2018-03-22
"Run the Race","Feb 22, 2019",1500000,6424420,6424420,2019-02-22
"The To Do List","Jul 26, 2013",1500000,3491669,4128828,2013-07-26
"The Gatekeepers","Feb 1, 2013",1500000,2408553,2592308,2013-02-01
"I’m Not Ashamed","Oct 21, 2016",1500000,2082980,2082980,2016-10-21
"The Lords of Salem","Apr 19, 2013",1500000,1165881,1541131,2013-04-19
"31","Sep 16, 2016",1500000,779820,922727,2016-09-16
"Unsullied","Apr 22, 2016",1500000,510957,510957,2016-04-22
"MOOZ-lum","Feb 11, 2011",1500000,362239,372239,2011-02-11
"Amigo","Aug 19, 2011",1500000,184705,184705,2011-08-19
"The Disappearance of Alice Creed","Aug 6, 2010",1500000,166980,1605139,2010-08-06
"The Square","Oct 25, 2013",1500000,124244,176262,2013-10-25
"Road Hard","Mar 6, 2015",1500000,113169,113169,2015-03-06
"Me, You and Five Bucks","Sep 28, 2015",1500000,2105,2105,2015-09-28
"Playback","Mar 16, 2012",1500000,264,54945,2012-03-16
"El abrazo de la serpiente","Feb 12, 2016",1400000,1329249,4787818,2016-02-12
"Werk ohne Autor","Oct 4, 2018",1400000,1303747,9046944,2018-10-04
"Mustang","Jun 19, 2015",1400000,845464,5552584,2015-06-19
"La chambre bleue","Jun 25, 2014",1400000,260441,1945420,2014-06-25
"Eddie: The Sleepwalking Cannibal","Apr 5, 2013",1400000,1632,1632,2013-04-05
"Above and Beyond","Jan 30, 2015",1300000,288751,288751,2015-01-30
"Corpus Christi","Oct 11, 2019",1300000,127240,10951283,2019-10-11
"Los insolitos peces gato","Jun 13, 2014",1300000,11278,54665,2014-06-13
"God’s Own Country","Aug 25, 2017",1260000,338027,3822788,2017-08-25
"Dear White People","Oct 17, 2014",1250000,4404154,5403771,2014-10-17
"Filly Brown","Apr 19, 2013",1250000,2850357,2940411,2013-04-19
"Home Run","Apr 19, 2013",1200000,2859955,2859955,2013-04-19
"Together Together","Apr 23, 2021",1200000,1436324,1436324,2021-04-23
"Blue Like Jazz","Apr 13, 2012",1200000,595018,595018,2012-04-13
"Que Horas Ela Volta?","Jun 4, 2015",1200000,376976,3249041,2015-06-04
"Pink Ribbons, Inc.","Jun 1, 2012",1200000,26608,26608,2012-06-01
"Blood Feast","Feb 6, 2018",1200000,8708,8708,2018-02-06
"Certifiably Jonathan","Feb 11, 2011",1200000,7826,7826,2011-02-11
"La navaja de Don Juan","Sep 18, 2015",1200000,4254,4254,2015-09-18
"God’s Not Dead","Mar 21, 2014",1150000,60755732,63777092,2014-03-21
"Serbuan maut","Mar 22, 2012",1100000,4105123,9297407,2012-03-22
"Red Rocket","Dec 3, 2021",1100000,1039866,2534443,2021-12-03
"Estiu 1993","Jun 23, 2017",1100000,185903,2632626,2017-06-23
"Summerland","Jun 24, 2020",1100000,58434,1414596,2020-06-24
"Beyond the Black Rainbow","May 18, 2012",1100000,56491,56491,2012-05-18
"The Sleepwalker (2014)","Nov 21, 2014",1100000,2636,53240,2014-11-21
"The Devil Inside","Jan 6, 2012",1e+06,53262945,101759490,2012-01-06
"Unfriended","Apr 17, 2015",1e+06,32789645,64364198,2015-04-17
"You're Next","Aug 23, 2013",1e+06,18494006,26887177,2013-08-23
"Chernobyl Diaries","May 24, 2012",1e+06,18119640,42411721,2012-05-24
"Hello, My Name is Doris","Mar 11, 2016",1e+06,14444999,14662703,2016-03-11
"X","Mar 17, 2022",1e+06,11769469,15113105,2022-03-17
"Blue Valentine","Dec 29, 2010",1e+06,9737892,16566240,2010-12-29
"Unfriended: Dark Web","Jul 19, 2018",1e+06,8866745,16434588,2018-07-19
"The Green Inferno","Sep 24, 2015",1e+06,7192291,12931420,2015-09-24
"I Am Not Your Negro","Feb 3, 2017",1e+06,7123919,9617402,2017-02-03
"The Sessions","Oct 19, 2012",1e+06,6002451,11495204,2012-10-19
"October Baby","Mar 23, 2012",1e+06,5355847,5391992,2012-03-23
"The Skeleton Twins","Sep 12, 2014",1e+06,5284309,5797192,2014-09-12
"20 Feet From Stardom","Jun 14, 2013",1e+06,4946250,5892466,2013-06-14
"An Inconvenient Sequel","Jul 28, 2017",1e+06,3496795,5839322,2017-07-28
"Obvious Child","Jun 6, 2014",1e+06,3122616,3324070,2014-06-06
"Martha Marcy May Marlene","Oct 21, 2011",1e+06,2981038,5438911,2011-10-21
"Visages villages","Jun 30, 2017",1e+06,952432,4009982,2017-06-30
"Patti Cake$","Aug 18, 2017",1e+06,800148,1471090,2017-08-18
"Palo Alto","May 9, 2014",1e+06,767732,1156309,2014-05-09
"Ajami","Feb 3, 2010",1e+06,621859,2721096,2010-02-03
"The Future","Jul 29, 2011",1e+06,568662,1239174,2011-07-29
"23 Blast","Oct 24, 2014",1e+06,549185,549185,2014-10-24
"The Act of Killing","Apr 10, 2013",1e+06,486919,1227316,2013-04-10
"Bo Gia","May 28, 2021",1e+06,350000,350000,2021-05-28
"I Origins","Jul 18, 2014",1e+06,336472,852399,2014-07-18
"L'inconnu du lac","Nov 20, 2013",1e+06,323070,2697234,2013-11-20
"Antarctica: A Year on Ice","Nov 28, 2014",1e+06,288757,288757,2014-11-28
"The Invitation","Apr 8, 2016",1e+06,231738,354836,2016-04-08
"Beyond the Brick: A LEGO Brickumentary","Jul 31, 2015",1e+06,101531,101531,2015-07-31
"The Undefeated","Jul 15, 2011",1e+06,100085,100085,2011-07-15
"Hardflip","Jun 1, 2012",1e+06,96734,96734,2012-06-01
"Creative Control","Mar 11, 2016",1e+06,63014,63014,2016-03-11
"The Perfect Host","Jul 1, 2011",1e+06,48764,51587,2011-07-01
"The Land","Jul 29, 2016",1e+06,43756,43756,2016-07-29
"Hits","Feb 13, 2015",1e+06,15156,15156,2015-02-13
"16 to Life","Sep 3, 2010",1e+06,11574,11574,2010-09-03
"Camp X-Ray","Oct 17, 2014",1e+06,9837,101053,2014-10-17
"The Sisterhood of Night","Apr 10, 2015",1e+06,6870,6870,2015-04-10
"Childless","May 15, 2015",1e+06,1036,1036,2015-05-15
"L!fe Happens","Apr 13, 2012",930000,30905,30905,2012-04-13
"Lowriders","Apr 28, 2017",916000,6179955,6188421,2017-04-28
"Fruitvale Station","Jul 12, 2013",9e+05,16098998,17549645,2013-07-12
"Meet the Blacks","Apr 1, 2016",9e+05,9097072,9097072,2016-04-01
"The Miseducation of Cameron Post","Jul 20, 2018",9e+05,905111,2019874,2018-07-20
"Circumstance","Aug 26, 2011",9e+05,454121,958978,2011-08-26
"The Giant Mechanical Man","Apr 27, 2012",9e+05,7396,7396,2012-04-27
"The Brass Teapot","Apr 4, 2013",9e+05,6997,413733,2013-04-04
"Searching","Aug 23, 2018",880000,26015149,75636047,2018-08-23
"For a Good Time, Call","Aug 31, 2012",850000,1251749,1386088,2012-08-31
"Windsor Drive","Aug 28, 2015",850000,3256,3256,2015-08-28
"Celeste and Jesse Forever","Aug 3, 2012",840000,3103407,3787689,2012-08-03
"Jodaeiye Nader az Simin","Dec 30, 2011",8e+05,7098492,24426169,2011-12-30
"Not Cool","Sep 19, 2014",8e+05,35688,35688,2014-09-19
"Kill List","Sep 2, 2011",8e+05,29063,462206,2011-09-02
"Kevin Hart: Laugh at My Pain","Sep 9, 2011",750000,7706436,7712436,2011-09-09
"Safety Not Guaranteed","Jun 8, 2012",750000,4010957,4422318,2012-06-08
"Best of Enemies","Jul 24, 2015",750000,892802,940936,2015-07-24
"The Innkeepers","Feb 3, 2012",750000,78396,1011535,2012-02-03
"Columbus","Aug 4, 2017",7e+05,1017107,1110511,2017-08-04
"Lady Macbeth","Apr 13, 2017",650000,1129408,6477294,2017-04-13
"Escape from Tomorrow","Oct 11, 2013",650000,171962,171962,2013-10-11
"Abacus: Small Enough to Jail","May 19, 2017",650000,113279,113279,2017-05-19
"Christian Mingle, The Movie","Oct 10, 2014",650000,19836,28176,2014-10-10
"That Way Madness Lies","Dec 14, 2018",650000,1447,1447,2018-12-14
"Water & Power","May 2, 2014",6e+05,42557,42557,2014-05-02
"Drunk Wedding","May 22, 2015",6e+05,3301,3301,2015-05-22
"Den Skyldige","Jul 13, 2018",570000,207140,8170839,2018-07-13
"The Harvest/La Cosecha","Jul 29, 2011",560000,3709,3709,2011-07-29
"Faith Connections","Sep 12, 2014",550000,9111,9111,2014-09-12
"Theeb","Aug 12, 2015",535000,283024,1040135,2015-08-12
"To Save a Life","Jan 22, 2010",5e+05,3777210,3824868,2010-01-22
"Sholem Aleichem: Laughing in the Darkness","Jul 8, 2011",5e+05,1131261,1131261,2011-07-08
"Drinking Buddies","Aug 23, 2013",5e+05,343706,407100,2013-08-23
"Flower","Mar 16, 2018",5e+05,328188,390803,2018-03-16
"Monsters","Oct 29, 2010",5e+05,237301,5639730,2010-10-29
"Madeline’s Madeline","Aug 10, 2018",5e+05,185576,197340,2018-08-10
"Deceptive Practice: The Mysteries and Mentors o…","Apr 17, 2013",5e+05,152449,152449,2013-04-17
"The Other Dream Team","Sep 21, 2012",5e+05,134109,314444,2012-09-21
"O Menino e o Mundo","Jan 17, 2014",5e+05,129479,280967,2014-01-17
"Rubber","Apr 1, 2011",5e+05,100370,680914,2011-04-01
"The Living Wake","May 14, 2010",5e+05,12232,12232,2010-05-14
"Born to Fly: Elizabeth Streb vs. Gravity","Sep 10, 2014",5e+05,1822,1822,2014-09-10
"Detention of the Dead","Jun 28, 2013",5e+05,1778,1778,2013-06-28
"Higher Power","May 11, 2018",5e+05,528,528,2018-05-11
"Siakh lokhamim: ha'slilim ha'gnouzim","Oct 15, 2015",450000,41260,42503,2015-10-15
"As It Is in Heaven","Jul 11, 2014",450000,13486,128992,2014-07-11
"Twenty-Two","Aug 14, 2017",425000,22222,25733825,2017-08-14
"Blue Ruin","Apr 25, 2014",420000,258384,437002,2014-04-25
"Short Term 12","Aug 23, 2013",4e+05,1013100,2308535,2013-08-23
"I Want Your Money","Oct 15, 2010",4e+05,433588,433588,2010-10-15
"I Smile Back","Oct 23, 2015",4e+05,58738,63373,2015-10-23
"My Dog Tulip","Sep 1, 2010",350000,246574,310891,2010-09-01
"Kynodontas","Apr 23, 2010",323000,217086,1480245,2010-04-23
"Afflicted","Apr 4, 2014",318000,121179,175481,2014-04-04
"3 Backyards","Mar 11, 2011",3e+05,39475,39475,2011-03-11
"The Eyes of My Mother","Dec 2, 2016",3e+05,27099,48539,2016-12-02
"Locker 13","Mar 28, 2014",3e+05,3496,3496,2014-03-28
"The Looking Glass","Oct 23, 2015",3e+05,1711,1711,2015-10-23
"Compliance","Aug 17, 2012",270000,319285,830700,2012-08-17
"His Only Son","Mar 30, 2023",250000,12084084,13506715,2023-03-30
"Terrifier 2","Oct 6, 2022",250000,10962502,15686934,2022-10-06
"Sleight","Apr 28, 2017",250000,3930990,3934450,2017-04-28
"Like Crazy","Oct 28, 2011",250000,3395391,3728400,2011-10-28
"The Canyons","Aug 2, 2013",250000,59671,62375,2013-08-02
"Nightlights","Aug 15, 2014",250000,21147,21147,2014-08-15
"Test","Jun 6, 2014",250000,18823,18823,2014-06-06
"Burn","Jul 20, 2012",225000,1109276,1109276,2012-07-20
"Embrace","Jul 15, 2016",225000,412340,1611592,2016-07-15
"The Quiet Ones","Apr 11, 2014",2e+05,8509867,18413804,2014-04-11
"The Grace Card","Feb 25, 2011",2e+05,2430735,2430735,2011-02-25
"The Overnight","Jun 19, 2015",2e+05,1109808,1165996,2015-06-19
"Middle of Nowhere","Oct 12, 2012",2e+05,236806,236806,2012-10-12
"The Word","Mar 14, 2014",2e+05,3648,3648,2014-03-14
"Weekend","Sep 23, 2011",190000,484592,1577585,2011-09-23
"Butterfly Girl","Feb 27, 2015",180000,17503,17503,2015-02-27
"Another Earth","Jul 22, 2011",175000,1321194,2102779,2011-07-22
"Sparrows Dance","Aug 23, 2013",175000,2602,2602,2013-08-23
"The Fits","Jun 3, 2016",170000,166425,169242,2016-06-03
"Mad God","Jun 10, 2022",150000,325042,329009,2022-06-10
"Antarctic Edge: 70º South","Apr 17, 2015",150000,7193,7193,2015-04-17
"Top Spin","Aug 21, 2015",150000,5858,5858,2015-08-21
"Sound of My Voice","Apr 27, 2012",135000,408015,429448,2012-04-27
"The Tunnel","Aug 5, 2011",135000,1348,1348,2011-08-05
"Your Sister's Sister","Jun 15, 2012",120000,1597486,3090593,2012-06-15
"The Gallows","Jul 9, 2015",1e+05,22764410,42964410,2015-07-09
"A Ghost Story","Jul 7, 2017",1e+05,1594798,2769782,2017-07-07
"Cheap Thrills","Mar 21, 2014",1e+05,59424,59424,2014-03-21
"The Past is a Grotesque Animal","Jun 19, 2014",1e+05,20056,20056,2014-06-19
"Dawn of the Crescent Moon","Jul 17, 2015",75000,8799,8799,2015-07-17
"Happy Christmas","Jul 25, 2014",70000,30312,30312,2014-07-25
"The Wretched","May 1, 2020",66000,1815440,4594221,2020-05-01
"The Killing of Two Lovers","Sep 8, 2020",64000,72110,123420,2020-09-08
"Supporting Characters","Jan 25, 2013",60000,4917,4917,2013-01-25
"Tiny Furniture","Nov 12, 2010",50000,391674,424149,2010-11-12
"The Myth of the American Sleepover","Jul 22, 2011",50000,41045,41045,2011-07-22
"Counting","Jul 31, 2015",50000,8374,8374,2015-07-31
"This Is Martin Bonner","Aug 14, 2013",42000,2695,2695,2013-08-14
"The Exploding Girl","Mar 12, 2010",40000,25572,25572,2010-03-12
"Raymond Did It","Feb 11, 2011",40000,3632,3632,2011-02-11
"Terrifier","Sep 25, 2018",35000,339946,342707,2018-09-25
"Krisha","Mar 18, 2016",30000,144822,144822,2016-03-18
"Down Terrace","Jul 30, 2010",30000,9812,27833,2010-07-30
"Emily","Jan 27, 2017",27000,3547,3547,2017-01-27
"Skinamarink","Jan 13, 2023",15000,2052272,2131183,2023-01-13
"Breaking Upwards","Apr 2, 2010",15000,115592,115592,2010-04-02
"Sh*thouse","Oct 16, 2020",15000,18148,24745,2020-10-16
"Newlyweds","Jan 13, 2012",9000,4584,4584,2012-01-13
